ID,ファイル名,施設名,場所,イベント名称,競技,トップページタグ,開催日,実施時間,申し込み方法,参加費,参加対象,最寄駅,所在地・,電話,問合せ先,備考
1,P無料開放等,扇町プール,プール,アクアウォーキング,水中エクササイズ,,10月10日(祝),10時から10時30分まで,開始時間までにプールに集合,無料,16歳以上,地下鉄「扇町」駅ＪＲ「天満」駅,北区扇町1-1扇町公園内,電話:6363-8911,,
2,P無料開放等,扇町プール,プール,脂肪バイバイ,不明,,10月10日(祝),14時から14時30分まで,開始時間までにプールに集合,無料,16歳以上,地下鉄「扇町」駅ＪＲ「天満」駅,北区扇町1-1扇町公園内,電話:6363-8911,,
3,P無料開放等,都島プール,プール,水中運動会,水中エクササイズ,,10月10日(祝),13時から14時30分まで,当日会場へ,無料,特になし,地下鉄「都島」駅,都島区都島本通4-12-7,電話:6922-8005,,
4,P無料開放等,都島プール,プール,プライベートレッスン,不明,,10月10日(祝),11時から12時まで18時から19時まで,事前申込(先着順),5000円,16歳以上,地下鉄「都島」駅,都島区都島本通4-12-7,電話:6922-8005,,
5,P無料開放等,都島プール,プール,遊泳タイム,水泳,,10月10日(祝),14時30分から15時30分まで,当日会場へ,無料,特になし,地下鉄「都島」駅,都島区都島本通4-12-7,電話:6922-8005,,
6,P無料開放等,都島プール,プール,ヌードルトレーニング,水中エクササイズ,,10月10日(祝),10時から10時20分まで,当日会場へ,無料,16歳以上,地下鉄「都島」駅,都島区都島本通4-12-7,電話:6922-8005,,
7,P無料開放等,都島プール,会議室,ストレッチ,エクササイズ,,10月10日(祝),9時20分から9時50分まで,当日会場へ(先着順),無料,特になし,地下鉄「都島」駅,都島区都島本通4-12-7,電話:6922-8005,,
8,P無料開放等,都島プール,会議室,体幹トレーニング,エクササイズ,,10月10日(祝),14時から14時15分まで,当日会場へ(先着順),無料,特になし,地下鉄「都島」駅,都島区都島本通4-12-7,電話:6922-8005,,
9,P無料開放等,都島プール,会議室,初めてエアロ,エアロビクス,,10月10日(祝),14時30分から15時まで,当日会場へ(先着順),無料,特になし,地下鉄「都島」駅,都島区都島本通4-12-7,電話:6922-8005,,
10,P無料開放等,都島プール,会議室,ロングブレス,エクササイズ,,10月10日(祝),15時15分から15時45分まで,当日会場へ(先着順),無料,特になし,地下鉄「都島」駅,都島区都島本通4-12-7,電話:6922-8005,,
11,P無料開放等,都島プール,会議室,ストレッチポール,エクササイズ,,10月10日(祝),16時から16時30分まで,当日会場へ(先着順),無料,特になし,地下鉄「都島」駅,都島区都島本通4-12-7,電話:6922-8005,,
12,P無料開放等,下福島屋内プール,トレーニング場,同伴者無料体験,不明,,10月10日(祝),9時から21時まで（最終入場　20時15分）,2階トレーニング場で当日受付(先着順),利用者1名につき、同伴者1名無料,16歳以上（中学生は利用不可）,ＪＲ「新福島」駅,福島区福島4-1-82,電話:6444-3450,,
13,P無料開放等,此花屋内プール,プール,ラジオ体操,水中エクササイズ,,10月10日(祝),9時00分から9時05分まで,受付にて参加申込(先着順),無料,どなたでも,ＪＲ・阪神「西九条」駅,此花区西九条5-4-21,電話:6465-6700,,
14,P無料開放等,此花屋内プール,プール,キッズ遊泳開放,水泳,,10月10日(祝),11時から11時30分まで13時から13時30分まで14時から14時30分まで,受付にて参加申込(先着順),無料,どなたでも,ＪＲ・阪神「西九条」駅,此花区西九条5-4-21,電話:6465-6700,,
15,P無料開放等,此花屋内プール,プール,タイムチェック,水泳,,10月10日(祝),10時30分から11時まで,受付にて参加申込(先着順),無料,どなたでも,ＪＲ・阪神「西九条」駅,此花区西九条5-4-21,電話:6465-6700,,
16,P無料開放等,此花屋内プール,プール,ジャンケン大会,不明,,10月10日(祝),14時30分から15時まで,受付にて参加申込(先着順),無料,どなたでも,ＪＲ・阪神「西九条」駅,此花区西九条5-4-21,電話:6465-6700,,
17,P無料開放等,此花屋内プール,スタジオ,モーニングストレッチ,エクササイズ,,10月10日(祝),9時30分から9時45分まで,受付にて参加申込(先着順),無料（施設利用料除く）,どなたでも,ＪＲ・阪神「西九条」駅,此花区西九条5-4-21,電話:6465-6700,,
18,P無料開放等,此花屋内プール,スタジオ,体力測定,体力・身体測定,,10月10日(祝),10時30分から11時30分まで,受付にて参加申込(先着順),無料（施設利用料除く）,どなたでも,ＪＲ・阪神「西九条」駅,此花区西九条5-4-21,電話:6465-6700,,
19,P無料開放等,中央屋内プール,プール,無料開放,水泳,,10月10日(祝),9時から20時30分まで（最終受付20時）,当日会場へ,無料,どなたでも(小学4年生以下は16歳以上の保護者同伴が必要）,地下鉄「長堀橋」駅「日本橋」駅,中央区島之内2-7-8,電話:6212-5473,,
20,P無料開放等,中央屋内プール,,はじめてアクアビクス,水中エクササイズ,,10月10日(祝),12時から12時45分まで（最終受付11時50分）,当日参加申込(先着順),無料,16歳以上,地下鉄「長堀橋」駅「日本橋」駅,中央区島之内2-7-8,電話:6212-5473,,
21,P無料開放等,中央屋内プール,スタジオ,はじめてエアロビクス,エアロビクス,,10月10日(祝),14時30分から15時まで（最終受付14時20分）,当日参加申込(先着順),無料（施設利用料除く）,16歳以上,地下鉄「長堀橋」駅「日本橋」駅,中央区島之内2-7-8,電話:6212-5473,,
22,P無料開放等,西屋内プール,プール,はじめてスイミング（バタフライ）,水泳,,10月10日(祝),11時45分から12時30分まで,当日会場へ(先着順),無料,中学生以上,地下鉄「阿波座」駅市バス「本田1丁目」,西区本田1-4-16,電話:6581-7601,,
23,P無料開放等,西屋内プール,プール,大人スイミングSW（背泳ぎ）,水泳,,10月10日(祝),13時から14時まで,当日会場へ(先着順),無料,中学生以上,地下鉄「阿波座」駅市バス「本田1丁目」,西区本田1-4-16,電話:6581-7601,,
24,P無料開放等,大阪プール,プール,25Mプール無料開放,水泳,,10月10日(祝),9時から20時30分まで（最終受付20時）,当日会場へ,無料,小学生以上（小学1～4年生以下は保護者同伴。また保護者1人につき子ども3人まで。幼児の入場は不可）,地下鉄「朝潮橋」駅,港区田中3-1-20,電話:6571-2010,,
25,P無料開放等,大阪プール,プール,アクアビクス体験教室,水中エクササイズ,,10月10日(祝),11時15分から12時まで,当日会場へ(先着順),無料,16歳以上,地下鉄「朝潮橋」駅,港区田中3-1-20,電話:6571-2010,,
26,P無料開放等,大阪プール,スタジオ,健康運動教室「～ロコモってなあに～」,エクササイズ,,10月10日(祝),9時から10時まで,当日会場へ(先着順),無料,60歳以上,地下鉄「朝潮橋」駅,港区田中3-1-20,電話:6571-2010,,
27,P無料開放等,大正屋内プール,プール,無料開放,水泳,,10月10日(祝),9時から20時まで,随時受付,無料,どなたでも,市バス「小林」,大正区小林東3-3-25,電話:6555-8950,,
28,P無料開放等,真田山プール,プール,無料開放,水泳,,10月10日(祝),9時から20時まで,随時受付,無料,どなたでも,地下鉄・JR「玉造」駅,天王寺区真田山町5-109,電話:6765-0176,,
29,P無料開放等,浪速屋内プール,プール,無料開放,水泳,,10月10日(祝),9時から20時30分まで,当日会場へ,無料,どなたでも,地下鉄「なんば」駅,浪速区難波中3-8-8,電話:6643-6446,,
30,P無料開放等,西淀川屋内プール,プール,アクアビクス,水中エクササイズ,,10月10日(祝),9時30分から10時まで,当日会場へ(先着順),無料,16歳以上,阪神なんば線「福」駅,西淀川区大和田2-5-7,電話:6474-9940,,
31,P無料開放等,西淀川屋内プール,,ウォーターバルーン,水上レクリエーション,,10月10日(祝),10時30分から11時30分まで,当日会場へ(先着順),無料,どなたでも,阪神なんば線「福」駅,西淀川区大和田2-5-7,電話:6474-9940,,
32,P無料開放等,西淀川屋内プール,,キッズコーナー,不明,,10月10日(祝),14時から15時まで,当日会場へ(先着順),無料,子ども,阪神なんば線「福」駅,西淀川区大和田2-5-7,電話:6474-9940,,
33,P無料開放等,西淀川屋内プール,,ジュニア水泳体験,水泳,,10月10日(祝),15時15分から16時30分まで,9月29日より事前申込み(先着順),510円,未就学児,阪神なんば線「福」駅,西淀川区大和田2-5-7,電話:6474-9940,,
34,P無料開放等,西淀川屋内プール,,アクアウオーキング,水中エクササイズ,,10月10日(祝),18時35分から18時55分まで,当日会場へ(先着順),無料,16歳以上,阪神なんば線「福」駅,西淀川区大和田2-5-7,電話:6474-9940,,
35,P無料開放等,西淀川屋内プール,スタジオ,ストレッチポール,エクササイズ,,10月10日(祝),9時30分から9時45分まで,当日会場へ(先着順),無料,16歳以上,阪神なんば線「福」駅,西淀川区大和田2-5-7,電話:6474-9940,,
36,P無料開放等,西淀川屋内プール,,ズンバゴールド,エアロビクス,,10月10日(祝),10時30分から11時15分まで,当日会場へ(先着順),無料,16歳以上,阪神なんば線「福」駅,西淀川区大和田2-5-7,電話:6474-9940,,
37,P無料開放等,淀川屋内プール,プール,無料開放,水泳,,10月10日(祝),9時から20時30分まで,当日会場へ,無料,どなたでも,阪急「十三」駅,淀川区十三東2-3-1,電話:6885-1711,,
38,P無料開放等,東淀川屋内プール,プール,ウォーターバルーン体験,水上レクリエーション,,10月10日(祝),13時30分14時30分15時30分（各45分間）,当日会場へ(先着順),無料,どなたでも,阪急「淡路」駅,東淀川区東淡路1-4-53,電話:6325-5077,,
39,P無料開放等,東淀川屋内プール,プール,ヌードル貸出し,不明,,10月10日(祝),11時30分12時30分14時15時16時（各15分間）,当日会場へ(先着順),無料,どなたでも,阪急「淡路」駅,東淀川区東淡路1-4-53,電話:6325-5077,,
40,P無料開放等,東淀川屋内プール,スタジオ,体力測定,体力・身体測定,,10月10日(祝),9時30分14時17時30分（各1時間）,当日会場へ(先着順),無料（施設利用料除く）,どなたでも,阪急「淡路」駅,東淀川区東淡路1-4-53,電話:6325-5077,,
41,P無料開放等,東成屋内プール,プール,水中ウォーキング　無料体験会,水中エクササイズ,,10月10日(祝),10時から10時30分まで,当日会場へ(先着順),無料,どなたでも,地下鉄「緑橋」駅,東成区東中本2-12-1,電話:6972-6123,,
42,P無料開放等,東成屋内プール,プール,アクアビクス　無料体験会,アクアビクス,,10月10日(祝),11時30分から12時まで,当日会場へ(先着順),無料,どなたでも,地下鉄「緑橋」駅,東成区東中本2-12-1,電話:6972-6123,,
43,P無料開放等,生野屋内プール,プール,無料開放,水泳,,10月10日(祝),9時から20時30分まで,当日会場へ,無料,どなたでも（小学4年生以下保護者同伴）,地下鉄・ＪＲ「鶴橋」駅,生野区桃谷3-8-18,電話:6731-7381,,
44,P無料開放等,生野屋内プール,スタジオ,体組成測定会,体組成測定,,10月10日(祝),9時から20時30分まで,当日会場へ,無料（施設利用料除く）,高校生または16歳以上,地下鉄・ＪＲ「鶴橋」駅,生野区桃谷3-8-18,電話:6731-7381,,
45,P無料開放等,旭屋内プール,プール,アクアラン,水中エクササイズ,,10月10日(祝),14時から14時30分まで,当日会場へ(先着順),無料,どなたでも,地下鉄「関目高殿」駅,旭区高殿6-14-6,電話:6955-6491,,
46,P無料開放等,旭屋内プール,プール,平泳ぎ無料体験教室,水泳,,10月10日(祝),15時45分から16時45分まで,当日会場へ(先着順),無料,小学生,地下鉄「関目高殿」駅,旭区高殿6-14-6,電話:6955-6491,,
47,P無料開放等,旭屋内プール,プール,クロール無料体験教室,水泳,,10月10日(祝),16時55分から17時55分まで,当日会場へ(先着順),無料,小学生,地下鉄「関目高殿」駅,旭区高殿6-14-6,電話:6955-6491,,
48,P無料開放等,城東屋内プール,プール,無料開放,水泳,,10月10日(祝),9時から21時まで,当日会場へ,無料,特になし（利用規約に準ずる）,京阪「野江」駅地下鉄「蒲生四丁目」駅,城東区関目2-17-45,電話:4255-0230,,
49,P無料開放等,城東屋内プール,トレーニングルーム,体組成測定会,体組成測定,,10月10日(祝),9時から21時まで,当日会場へ,無料（施設利用料除く）,高校生または16歳以上,京阪「野江」駅地下鉄「蒲生四丁目」駅,城東区関目2-17-45,電話:4255-0230,,
50,P無料開放等,鶴見緑地プール,プール,無料開放,水泳,,10月10日(祝),9時から19時まで（最終入館18時）,当日会場へ,無料,どなたでも（小学4年生以下は保護者（16歳以上）同伴。また保護者1人につき子ども3人まで）,地下鉄「鶴見緑地」駅,鶴見区緑地公園1-37,電話:6915-4721,,
51,P無料開放等,阿倍野屋内プール,プール,水中ウォーキング,水中エクササイズ,,10月10日(祝),11時から11時30分まで,前日までに電話・来館にて事前予約(先着順),無料,16歳以上,地下鉄「阿倍野」駅,阿倍野区阿倍野筋3-13-23,電話:6636-7290,,
52,P無料開放等,住之江屋内プール,プール,無料開放,水泳,,10月10日(祝),9時から20時30分まで,当日会場にて受付,無料,どなたでも,地下鉄「北加賀屋」駅,住之江区北加賀屋5-3-47,電話:6686-4163,,
53,P無料開放等,住之江屋内プール,,モーニング体操,体操,,10月10日(祝),9時から9時10分まで,当日会場にて受付(先着順),無料,どなたでも,地下鉄「北加賀屋」駅,住之江区北加賀屋5-3-47,電話:6686-4163,,
54,P無料開放等,住之江屋内プール,,アクアビクス,水中エクササイズ,,10月10日(祝),10時30分から11時まで,当日会場にて受付(先着順),無料,どなたでも,地下鉄「北加賀屋」駅,住之江区北加賀屋5-3-47,電話:6686-4163,,
55,P無料開放等,住之江屋内プール,,水泳チェック,水泳,,10月10日(祝),12時30分から13時まで,当日会場にて受付(先着順),無料,中学生以上,地下鉄「北加賀屋」駅,住之江区北加賀屋5-3-47,電話:6686-4163,,
56,P無料開放等,住之江屋内プール,,タイムチェック,水泳,,10月10日(祝),13時30分から14時まで,当日会場にて受付(先着順),無料,25ｍ泳げる方,地下鉄「北加賀屋」駅,住之江区北加賀屋5-3-47,電話:6686-4163,,
57,P無料開放等,住之江屋内プール,,キッズ開放,水泳,,10月10日(祝),14時30分から15時30分まで,当日会場にて受付(先着順),無料,子ども及び保護者,地下鉄「北加賀屋」駅,住之江区北加賀屋5-3-47,電話:6686-4163,,
58,P無料開放等,住之江屋内プール,,ジャンケン大会,不明,,10月10日(祝),15時30分から16時まで,当日会場にて受付(先着順),無料,子ども,地下鉄「北加賀屋」駅,住之江区北加賀屋5-3-47,電話:6686-4163,,
59,P無料開放等,住吉屋内プール,プール,アクアシェイプ30,不明,,10月10日(祝),11時から11時30分まで,当日会場にて受付(先着順),無料,18歳以上,地下鉄「あびこ」駅,住吉区浅香1-8-15,電話:6694-9201,,
60,P無料開放等,長居プール,プール,かんたんアクア,不明,,10月10日(祝),10時から10時45分まで,当日会場にて受付(先着順),無料,16歳以上,地下鉄「長居」駅JR「鶴ケ丘」駅,東住吉区長居公園1-1,電話:6609-1580,,
61,P無料開放等,長居プール,プール,ボルダリング体験会,ボルダリング,,10月10日(祝),10時から18時まで,当日会場にて受付(先着順),登録料　無料使用料大人（16歳以上）　1000円子ども（6歳～16歳）500円,6歳以上（16歳未満の方は保護者（16歳以上）の同伴参加必要）,地下鉄「長居」駅JR「鶴ケ丘」駅,東住吉区長居公園1-1,電話:6609-1580,,
62,P無料開放等,平野屋内プール,プール,プール無料開放,水泳,,10月10日(祝),9時から20時30分まで,当日会場にて受付,無料,どなたでも（小学4年生以下は保護者（16歳以上）同伴。また保護者1人につき子ども3人まで）,地下鉄「平野」駅,平野区平野南4-6-1,電話:6709-1255,,
63,P無料開放等,平野屋内プール,プール,スイムタイムチャレンジ（25ｍタイム計測）,水泳,,10月10日(祝),11時から12時まで14時から15時まで,当日会場にて受付,無料,どなたでも（小学4年生以下は保護者（16歳以上）同伴。また保護者1人につき子ども3人まで）,地下鉄「平野」駅,平野区平野南4-6-1,電話:6709-1255,,
64,P無料開放等,西成屋内プール,プール,無料開放,水泳,,10月10日(祝),9時から20時まで,当日会場にて受付,無料,中学生以上,南海「岸里玉出」地下鉄「岸里」駅,西成区玉出東1-6-1,電話:4398-1603,,
65,P無料開放等,西成屋内プール,プール,こども水泳,水泳,,10月10日(祝),15時30分から16時30分まで,前日までに電話・来館にて事前予約(先着順),無料,幼稚園～小学生,南海「岸里玉出」地下鉄「岸里」駅,西成区玉出東1-6-1,電話:4398-1603,,
66,P無料開放等,西成屋内プール,プール,熟年水泳,水泳,,10月10日(祝),11時から12時まで,前日までに電話・来館にて事前予約(先着順),無料,60歳以上,南海「岸里玉出」地下鉄「岸里」駅,西成区玉出東1-6-1,電話:4398-1603,,
67,P無料開放等,西成屋内プール,プール,初心者向けクロール特訓,水泳,,10月10日(祝),13時15分から14時15分まで,前日までに電話・来館にて事前予約(先着順),無料,中学生以上,南海「岸里玉出」地下鉄「岸里」駅,西成区玉出東1-6-1,電話:4398-1603,,
68,P無料開放等,西成屋内プール,プール,初心者向けクロール特訓,水泳,,10月10日(祝),19時から20時まで,前日までに電話・来館にて事前予約(先着順),無料,中学生以上,南海「岸里玉出」地下鉄「岸里」駅,西成区玉出東1-6-1,電話:4398-1603,,
69,P無料開放等,西成屋内プール,プール,スイムマラソン,水中エクササイズ,,10月10日(祝),12時10分から13時10分まで,前日までに電話・来館にて事前予約(先着順),無料,中学生以上で25mを泳げる方,南海「岸里玉出」地下鉄「岸里」駅,西成区玉出東1-6-1,電話:4398-1603,,
70,SC無料開放,大阪城弓道場,,弓道体験してみよう,弓道,,10月10日(祝),10時から16時,電話・ＦＡＸ・メールにて事前予約(先着順),無料,中学生以上,ＪＲ「大阪城公園駅」,中央区3-4,電話:6941-9921,,
71,SC無料開放,鶴見緑地球技場,,タグフェスタイン鶴見緑地,不明,,10月10日(祝),9時から17時,電話・ＦＡＸ・メールにて事前予約(先着順),無料,小学生,ＪＲ「大阪城公園駅」,中央区3-4,電話:6941-9921,,
72,SC無料開放,北スポーツセンター,,バトミントン・卓球開放※バドミントンコート6コート※卓球コート8コート※体育館シューズ着用,バトミントン,,10月10日(祝),9時15分から11時まで11時15分から13時まで13時15分から15時まで15時15分から17時まで,当日会場にて受付(先着順)先着224名,無料,どなたでも,阪急「中津」駅,北区中津3-4-27,電話:6359-0700,,
73,SC無料開放,北スポーツセンター,,バトミントン・卓球開放※バドミントンコート6コート※卓球コート8コート※体育館シューズ着用,卓球,,10月10日(祝),9時15分から11時まで11時15分から13時まで13時15分から15時まで15時15分から17時まで,当日会場にて受付(先着順)先着224名,無料,どなたでも,阪急「中津」駅,北区中津3-4-27,電話:6359-0700,,
74,SC無料開放,都島スポーツセンター,,卓球開放,卓球,,10月10日(祝),10時から11時30分まで11時40分から13時10分まで13時20分から14時50分まで15時から16時30分まで16時40分から18時10分まで,当日会場にて受付,無料,どなたでも,地下鉄「都島」駅,都島区中野町5-15-21,電話:6927-9124,,
75,SC無料開放,都島スポーツセンター,,フットサル開放,フットサル,,10月10日(祝),16時から18時まで18時から20時まで,当日会場にて受付,無料,どなたでも,地下鉄「都島」駅,都島区中野町5-15-21,電話:6927-9124,,
76,SC無料開放,福島スポーツセンター,,卓球・バドミントン開放,卓球,,10月10日(祝),15時30分から17時まで17時から18時30分まで,当日会場にて受付,無料,どなたでも,地下鉄「野田阪神」駅,福島区吉野3-17-23,電話:6468-0450,,
77,SC無料開放,福島スポーツセンター,,卓球・バドミントン開放,バドミントン,,10月10日(祝),15時30分から17時まで17時から18時30分まで,当日会場にて受付,無料,どなたでも,地下鉄「野田阪神」駅,福島区吉野3-17-23,電話:6468-0450,,
76,SC無料開放,此花スポーツセンター,,卓球・バドミントン開放※バドミントン8面・卓球6台※ラケット、シャトル、球は無料貸出※上靴要,卓球,,10月10日(祝),9時30分から11時30分から13時30分から15時30分から18時30分から（各回100分）,当日会場にて開始15分前から受付(先着順),無料,どなたでも,ＪＲ・阪神「西九条」駅,此花区西九条6-1-27,電話:6465-5800,,
78,SC無料開放,此花スポーツセンター,,卓球・バドミントン開放※バドミントン8面・卓球6台※ラケット、シャトル、球は無料貸出※上靴要,バドミントン,,10月10日(祝),9時30分から11時30分から13時30分から15時30分から18時30分から（各回100分）,当日会場にて開始15分前から受付(先着順),無料,どなたでも,ＪＲ・阪神「西九条」駅,此花区西九条6-1-27,電話:6465-5800,,
79,SC無料開放,中央スポーツセンター,,硬式テニス開放※硬式テニスはテニスコート1面とサブスペースにて時間交代制でフリー利用（ラケット・ボールのレンタル有）※体育館シューズ着用,硬式テニス,,10月10日(祝),9時30分から10時50分まで11時から12時20分まで12時30分から13時50分まで14時から15時20分まで15時30分から16時50分まで17時から18時20分まで,当日会場にて開始30分前から受付(先着順),無料,どなたでも（但し、子どもだけでの利用不可）,地下鉄「長堀橋」駅,中央区島之内2-12-31,電話:6211-2010,,
80,SC無料開放,中央スポーツセンター,,卓球開放※卓球は時間内グループにてフリー利用（ラケット・ボールのレンタル有）※体育館シューズ着用,卓球,,10月10日(祝),16時30分から17時20分まで17時30分から18時20分まで18時30分から19時20分まで,当日会場にて開始30分前から受付(先着順),無料,どなたでも（但し、子どもだけでの利用不可）,地下鉄「長堀橋」駅,中央区島之内2-12-31,電話:6211-2010,,
81,SC無料開放,西スポーツセンター,,バドミントン・卓球無料開放※体育館シューズ、水筒、タオル持参,バドミントン,,10月10日(祝),10時から12時から14時から16時から18時から（各105分）,当日会場にて受付(先着順)※各回6団体,無料,16歳以上,地下鉄「阿波座」駅,西区立売堀4-10-18,電話:6538-3413,,
82,SC無料開放,西スポーツセンター,,バドミントン・卓球無料開放※体育館シューズ、水筒、タオル持参,卓球,,10月10日(祝),10時から12時から14時から16時から18時から（各105分）,当日会場にて受付(先着順)※各回6団体,無料,16歳以上,地下鉄「阿波座」駅,西区立売堀4-10-18,電話:6538-3413,,
83,SC無料開放,港スポーツセンター,,オータム・チャレンジ・スポーツin港,不明,,10月10日(祝),9時から21時まで,当日参加,無料,どなたでも,地下鉄「朝潮橋」駅,港区田中3-1-128,電話:6576-4081,,
84,SC無料開放,天王寺スポーツセンター,,バドミントン開放,バドミントン,,10月10日(祝),10時から11時45分まで13時から14時45分まで15時から16時45分まで,当日会場にて受付(先着順),無料,どなたでも,地下鉄・JR「玉造」駅,天王寺区真田山町5-109,電話:6765-0043,,
85,SC無料開放,西淀川スポーツセンター,,卓球・バドミントン無料開放,卓球,,10月10日(祝),9時30分から12時まで12時45分から15時まで15時15分から17時30分まで,当日会場にて受付,無料,どなたでも,ＪＲ「御幣島」駅,西淀川区野里2-10-35,電話:6472-9200,,
86,SC無料開放,西淀川スポーツセンター,,卓球・バドミントン無料開放,バドミントン,,10月10日(祝),9時30分から12時まで12時45分から15時まで15時15分から17時30分まで,当日会場にて受付,無料,どなたでも,ＪＲ「御幣島」駅,西淀川区野里2-10-35,電話:6472-9200,,
83,SC無料開放,西淀川スポーツセンター,,硬式テニス無料開放,硬式テニス,,10月10日(祝),18時から20時15分まで,当日会場にて受付,無料,どなたでも,ＪＲ「御幣島」駅,西淀川区野里2-10-35,電話:6472-9200,,
87,SC無料開放,東淀川スポーツセンター,,卓球無料開放,卓球,,10月10日(祝),10時から11時45分まで12時から13時45分まで14時から15時45分まで16時から17時45分まで18時から19時45分まで,当日会場へ,無料,どなたでも,阪急「淡路」駅,東淀川区東淡路1-4-21,電話:6321-7182,,
85,SC無料開放,東成スポーツセンター,,バドミントン・卓球無料開放,バドミントン,,10月10日(祝),10時から11時45分まで12時から13時45分まで14時から15時45分まで,当日会場にて開始2時間前より受付(先着順)※1回目のみ8時55分より受付※各コート、台4名,無料,どなたでも,地下鉄「緑橋」駅,東成区東中本2-11-30,電話:6973-5166,,
88,SC無料開放,東成スポーツセンター,,バドミントン・卓球無料開放,卓球,,10月10日(祝),10時から11時45分まで12時から13時45分まで14時から15時45分まで,当日会場にて開始2時間前より受付(先着順)※1回目のみ8時55分より受付※各コート、台4名,無料,どなたでも,地下鉄「緑橋」駅,東成区東中本2-11-30,電話:6973-5166,,
89,SC無料開放,生野スポーツセンター,,卓球・バドミントン無料開放※バドミントン:4コート　 卓球:6台,卓球,,10月10日(祝),10時から11時30分まで12時30分から14時まで15時から16時30分まで17時30分から19時まで,当日受付(先着順)※当日各回の20分前から受付。開始5分前に受付終了。申し込み多数の場合は抽選。,無料,どなたでも（但し、小学生未満は保護者同伴・二人以上での申込に限る）,市バス「大池橋」,生野区巽西1-1-3,電話:6758-4500,,
90,SC無料開放,生野スポーツセンター,,卓球・バドミントン無料開放※バドミントン:4コート　 卓球:6台,バドミントン,,10月10日(祝),10時から11時30分まで12時30分から14時まで15時から16時30分まで17時30分から19時まで,当日受付(先着順)※当日各回の20分前から受付。開始5分前に受付終了。申し込み多数の場合は抽選。,無料,どなたでも（但し、小学生未満は保護者同伴・二人以上での申込に限る）,市バス「大池橋」,生野区巽西1-1-3,電話:6758-4500,,
91,SC無料開放,旭スポーツセンター,,バドミントン無料開放※6コート,バドミントン,,10月10日(祝),9時30分から11時15分まで15時15分から17時まで,当日会場にて受付(先着順),無料,どなたでも,地下鉄「関目高殿」駅,旭区高殿5-3-25,電話:6951-6575,,
92,SC無料開放,旭スポーツセンター,,卓球無料開放※8台,卓球,,10月10日(祝),9時30分から11時15分まで13時から14時45分まで15:時15分から17時まで,当日会場にて受付(先着順),無料,どなたでも,地下鉄「関目高殿」駅,旭区高殿5-3-25,電話:6951-6575,,
93,SC無料開放,城東スポーツセンター,,バドミントン・卓球無料開放,バドミントン,,10月10日(祝),10時から20時まで（2時間ごとの入替制）,当日会場にて受付(先着順),無料,どなたでも,ＪＲ「京橋」駅,城東区鴫野西2-1-21,電話:6965-1391,,
94,SC無料開放,城東スポーツセンター,,バドミントン・卓球無料開放,卓球,,10月10日(祝),10時から20時まで（2時間ごとの入替制）,当日会場にて受付(先着順),無料,どなたでも,ＪＲ「京橋」駅,城東区鴫野西2-1-21,電話:6965-1391,,
95,SC無料開放,鶴見スポーツセンター,,バドミントン・卓球開放DAY,バドミントン,,10月10日(祝),9時30分から11時まで11時から12時30分まで,当日会場にて開始30分前から受付(先着順),無料,どなたでも,地下鉄「鶴見緑地」駅,鶴見区緑地公園内,電話:6915-2567,,
96,SC無料開放,鶴見スポーツセンター,,バドミントン・卓球開放DAY,卓球,,10月10日(祝),9時30分から11時まで11時から12時30分まで,当日会場にて開始30分前から受付(先着順),無料,どなたでも,地下鉄「鶴見緑地」駅,鶴見区緑地公園内,電話:6915-2567,,
97,SC無料開放,住之江スポーツセンター,,卓球開放,卓球,,10月10日(祝),16時から17時45分まで18時から19時45分まで,当日会場にて2名から受付(先着順),無料,どなたでも,地下鉄「北加賀屋」駅,住之江区北加賀屋5-3-47,電話:6686-4172,,
98,SC無料開放,東住吉スポーツセンター,,バドミントン・卓球開放※バドミントン:4コート　 卓球:8台,バドミントン,,10月10日(祝),10時から11時45分まで12時から13時45分まで14時から15時45分まで16時から17時45分まで18時から19時45分まで,当日開始30分前から会場にて受付(先着順)ただし1回目のみ8時55分から受付(先着順),無料,どなたでも,地下鉄「あびこ」駅近鉄南大阪線「矢田」駅,東住吉区公園南矢田4-30-3,電話:6694-4580,,
99,SC無料開放,東住吉スポーツセンター,,バドミントン・卓球開放※バドミントン:4コート　 卓球:8台,卓球,,10月10日(祝),10時から11時45分まで12時から13時45分まで14時から15時45分まで16時から17時45分まで18時から19時45分まで,当日開始30分前から会場にて受付(先着順)ただし1回目のみ8時55分から受付(先着順),無料,どなたでも,地下鉄「あびこ」駅近鉄南大阪線「矢田」駅,東住吉区公園南矢田4-30-3,電話:6694-4580,,
100,SC無料開放,平野スポーツセンター,,卓球・バドミントン無料開放,バドミントン,,10月10日(祝),10時から11時45分まで12時から13時45分まで14時から15時45分まで16時から17時45分まで18時から19時45分まで,当日会場にて受付,無料,どなたでも,地下鉄「平野」駅,平野区平野南4-6-1,電話:6709-1255,,
101,SC無料開放,平野スポーツセンター,,卓球・バドミントン無料開放,卓球,,10月10日(祝),10時から11時45分まで12時から13時45分まで14時から15時45分まで16時から17時45分まで18時から19時45分まで,当日会場にて受付,無料,どなたでも,地下鉄「平野」駅,平野区平野南4-6-1,電話:6709-1255,,
94,SC無料開放,西成スポーツセンター,,卓球・バドミントン開放（ラケット・ボール・シャトルのレンタル有）※体育館シューズ着用,卓球,,10月10日(祝),10時から12時まで12時30分から14時30分まで15時から17時まで17時30分から19時30分まで,当日会場にて受付,無料,小学生以上,南海｢岸里玉出」地下鉄「岸里」駅,西成区玉出東1-6-1,電話:4398-1603,,
102,SC無料開放,西成スポーツセンター,,卓球・バドミントン開放（ラケット・ボール・シャトルのレンタル有）※体育館シューズ着用,バドミントン,,10月10日(祝),10時から12時まで12時30分から14時30分まで15時から17時まで17時30分から19時30分まで,当日会場にて受付,無料,小学生以上,南海｢岸里玉出」地下鉄「岸里」駅,西成区玉出東1-6-1,電話:4398-1603,,
103,体験教室一覧(HP),都島スポーツセンター,,体力測定とニュースポーツ紹介,体力・身体測定,,10月10日(祝),10時から15時まで,当日受付,無料,小学生以上,地下鉄「都島」駅,都島区中野町5-15-21,電話:6927‐9124,,
104,体験教室一覧(HP),都島スポーツセンター,,体力測定とニュースポーツ紹介,ニュースポーツ,,10月10日(祝),10時から15時まで,当日受付,無料,小学生以上,地下鉄「都島」駅,都島区中野町5-15-21,電話:6927‐9124,,
105,体験教室一覧(HP),福島区民センター福島スポーツセンタ―,,体力測定、体操、ドッチビー体験卓球・ソフトバレーボール,体力・身体測定,,10月10日(祝),10時から16時まで,福島区民センター内にて当日受付・先着順,無料,どなたでも,地下鉄「野田阪神」駅,福島区吉野3-17-23,電話:6468‐1771,,
106,体験教室一覧(HP),福島区民センター福島スポーツセンタ―,,体力測定、体操、ドッチビー体験卓球・ソフトバレーボール,体操,,10月10日(祝),10時から16時まで,福島区民センター内にて当日受付・先着順,無料,どなたでも,地下鉄「野田阪神」駅,福島区吉野3-17-23,電話:6468‐1771,,
107,体験教室一覧(HP),福島区民センター福島スポーツセンタ―,,体力測定、体操、ドッチビー体験卓球・ソフトバレーボール,ニュースポーツ,,10月10日(祝),10時から16時まで,福島区民センター内にて当日受付・先着順,無料,どなたでも,地下鉄「野田阪神」駅,福島区吉野3-17-23,電話:6468‐1771,,
108,体験教室一覧(HP),福島区民センター福島スポーツセンタ―,,体力測定、体操、ドッチビー体験卓球・ソフトバレーボール,卓球,,10月10日(祝),10時から16時まで,福島区民センター内にて当日受付・先着順,無料,どなたでも,地下鉄「野田阪神」駅,福島区吉野3-17-23,電話:6468‐1771,,
109,体験教室一覧(HP),此花スポーツセンター,,血管年齢測定,体力・身体測定,,10月10日(祝),10時から12時まで,当日・先着順会場にて開始15分前から受付,無料,20歳以上,ＪＲ・阪神「西九条」駅,此花区西九条6-1-27,電話:6465‐5800,,
110,体験教室一覧(HP),中央スポーツセンター,,リラックスヨガ,ヨガ,,10月10日(祝),9時30分から10；30まで,当日受付・先着順,無料,16歳以上,地下鉄「長堀橋」駅,中央区島之内2-12-31,電話:6211‐2010,,
111,体験教室一覧(HP),中央スポーツセンター,,さわやかストレッチ＆運動,エクササイズ,,10月10日(祝),11時から12時まで,当日受付・先着順,無料,16歳以上,地下鉄「長堀橋」駅,中央区島之内2-12-31,,,
112,体験教室一覧(HP),中央スポーツセンター,,かんたんエアロ,エアロビクス,,10月10日(祝),12時30分から13時30分まで,当日受付・先着順,無料,16歳以上,地下鉄「長堀橋」駅,中央区島之内2-12-31,,,
113,体験教室一覧(HP),中央スポーツセンター,,卓球講習会＆実体験会,卓球,,10月10日(祝),14時から16時まで,当日受付・先着順,無料,16歳以上,地下鉄「長堀橋」駅,中央区島之内2-12-31,,,
114,体験教室一覧(HP),西スポーツセンター,,親子体操無料体験会,体操,,10月10日(祝),9時30分から10時30分まで,当日受付・先着順,無料,1歳～5歳のお子様と保護者,地下鉄「阿波座」駅,西区立売掘4-10-18,電話:6538‐3413,,
115,体験教室一覧(HP),西スポーツセンター,,コアダンス無料体験会,コアダンス,,10月10日(祝),11時から12時まで,当日受付・先着順,無料,16歳以上,地下鉄「阿波座」駅,西区立売掘4-10-18,,,
116,体験教室一覧(HP),西スポーツセンター,,背骨コンディショニング無料体験会,エクササイズ,,10月10日(祝),15時から16時まで,当日受付・先着順,無料,16歳以上,地下鉄「阿波座」駅,西区立売掘4-10-18,,,
117,体験教室一覧(HP),大正スポーツセンター,,特別レッスンプログラム（1:ストレッチ 2:エアロビクス 3:ヨガ）,エクササイズ,,10月10日(祝),1:10時から10時20分まで2:　10時30分から11時15分まで3:　11時30分から12時30分まで,当日受付・先着順,無料（施設利用料は必要）,16歳以上,市バス「小林」,大正区小林東3-3-25,電話:6555‐8402,,
118,体験教室一覧(HP),大正スポーツセンター,,特別レッスンプログラム（1:ストレッチ 2:エアロビクス 3:ヨガ）,エアロビクス,,10月10日(祝),1:10時から10時20分まで2:　10時30分から11時15分まで3:　11時30分から12時30分まで,当日受付・先着順,無料（施設利用料は必要）,16歳以上,市バス「小林」,大正区小林東3-3-25,電話:6555‐8402,,
119,体験教室一覧(HP),大正スポーツセンター,,特別レッスンプログラム（1:ストレッチ 2:エアロビクス 3:ヨガ）,ヨガ,,10月10日(祝),1:10時から10時20分まで2:　10時30分から11時15分まで3:　11時30分から12時30分まで,当日受付・先着順,無料（施設利用料は必要）,16歳以上,市バス「小林」,大正区小林東3-3-25,電話:6555‐8402,,
120,体験教室一覧(HP),大正スポーツセンター,,体力測定,体力・身体測定,,10月10日(祝),13時から14時30分まで15時30分から17時まで18時から19時30分まで,当日受付・先着順,無料（施設利用料は必要）,16歳以上,市バス「小林」,大正区小林東3-3-25,,,
121,体験教室一覧(HP),アゼリア大正,,ソフトバレーボール、スリータッチ、ストラックアウト、ドッチビーフロアカーリング,ニュースポーツ,,10月10日(祝),10時から12時まで13時から15時まで,当日受付,無料,どなたでも,市バス「小林」バス停,大正区小林東3-3-25,電話:6553‐5511,,
122,体験教室一覧(HP),天王寺スポーツセンター,,少年・少女卓球教室,卓球,,10月10日(祝),10時から16時まで,事前（往復はがき）・先着順（9月30日締切）,無料,市内在住・在学の小・中学生（小学生は保護者同伴）,地下鉄・JR「玉造」駅,天王寺区真田山町5-109,電話:6636-0801,,
123,体験教室一覧(HP),天王寺スポーツセンター,,ＡＥＤを使用した心肺蘇生講習会,その他,,10月10日(祝),10時から11時45分まで,事前（電話）空きがあれば当日可,無料,どなたでも（小学生以下保護者同伴）,地下鉄・JR「玉造」駅,天王寺区真田山町5-109,電話:6765‐0043,,
124,体験教室一覧(HP),浪速スポーツセンター,,インディアカ体験参加教室,ニュースポーツ,,9月25日（日）,10時から16時まで,事前FAX（8月31日締切）※当日9時30分より若干受付有,無料,市内在住・在勤の方（小学生は高学年とし、保護者同伴）,地下鉄「なんば」駅,浪速区難波中3-8-8,電話:090‐8665‐2711FAX:6791-5224,,
125,体験教室一覧(HP),浪速スポーツセンター,,バトントワーリング体験教室,バトントワーリング,,10月10日(祝),10時から16時まで,当日受付,,どなたでも,地下鉄「なんば」駅,浪速区難波中3-8-8,電話＆FAX: 6765‐3131,,
126,体験教室一覧(HP),淀川スポーツセンター,,区民新体力テスト・健康相談,体力・身体測定,,10月10日(祝),9時30分から13時まで（受付9時30分から12時まで）,当日受付,無料,原則3歳～79歳まで,JR・地下鉄「新大阪」駅,淀川区西宮原2-1-3,電話:6350‐4555,,
113,体験教室一覧(HP),淀川スポーツセンター,,ニュースポーツ体験,ニュースポーツ,,10月10日(祝),9時30分から12時まで,当日受付,無料,どなたでも,JR・地下鉄「新大阪」駅,淀川区西宮原2-1-3,,,
127,体験教室一覧(HP),淀川スポーツセンター,,キッズプレイルーム,不明,,10月10日(祝),13時30分から15時40分まで（全2回）,当日受付,無料,幼児～小学校低学年,JR・地下鉄「新大阪」駅,淀川区西宮原2-1-3,,,
128,体験教室一覧(HP),淀川スポーツセンター,,逆上がり大作戦,その他,,10月10日(祝),,当日受付,無料,原則小学生以上,JR・地下鉄「新大阪」駅,淀川区西宮原2-1-3,,,
129,体験教室一覧(HP),淀川スポーツセンター,,デフ（聴覚障がい者）バスケットボール日本代表選手とバスケットを経験しよう！,その他,,10月10日(祝),14時から18時まで（全2回）,事前（電話）・先着順（9月11日締切）※淀川区内チーム優先,,小学生中高学年のミニバスケットボール経験者でチーム単位,JR・地下鉄「新大阪」駅,淀川区西宮原2-1-3,,,
130,体験教室一覧(HP),東淀川スポーツセンター,,インドアサッカー体験教室,インドアサッカー,,10月10日(祝),10時30分から18時30分まで（全4回）,事前（電話・来館）・先着順1か月前より受付開始,無料,3歳～中学生,阪急「淡路」駅,東淀川区東淡路1-4-21,電話:6321‐7182,,
131,体験教室一覧(HP),東淀川スポーツセンター,,キッズ体験教室,不明,,10月10日(祝),（空手教室）10時から12時まで（逆上がりチャレンジ）13時から14時まで（マットチャレンジ）14時15分から15時15分まで（跳び箱チャレンジ）15時30分から16時30分まで,事前（電話・来館）・先着順1か月前より受付開始,無料,年長～小学生2年生（空手教室のみ5歳以上）,阪急「淡路」駅,東淀川区東淡路1-4-21,,,
132,体験教室一覧(HP),東淀川体育館,,バドミントン教室,バドミントン,,10月9日（日）,9時30分から16時まで,事前（FAX、はがき）（9月23日締切）,中学生800 円高校生以上  1000円,市内在住・在勤・在学の中学生以上の方,地下鉄「新大阪」駅,東淀川区東中島4-4-4,電話 090‐7753‐0194（9時から17時まで）,,
133,体験教室一覧(HP),東成スポーツセンター,,ニュースポーツ（クロリティ、フリーブロー、フライングディスク、シャフルボード、ソフトバレーボール）卓球、ソフトテニス,ニュースポーツ,,10月10日(祝),10時から15時まで,当日受付,無料,どなたでも,地下鉄「緑橋」駅,東成区東中本2-11-30,電話:080-5305-2907,,
134,体験教室一覧(HP),東成スポーツセンター,,ニュースポーツ（クロリティ、フリーブロー、フライングディスク、シャフルボード、ソフトバレーボール）卓球、ソフトテニス,卓球,,10月10日(祝),10時から15時まで,当日受付,無料,どなたでも,地下鉄「緑橋」駅,東成区東中本2-11-30,電話:080-5305-2907,,
135,体験教室一覧(HP),東成スポーツセンター,,ニュースポーツ（クロリティ、フリーブロー、フライングディスク、シャフルボード、ソフトバレーボール）卓球、ソフトテニス,ソフトテニス,,10月10日(祝),10時から15時まで,当日受付,無料,どなたでも,地下鉄「緑橋」駅,東成区東中本2-11-30,電話:080-5305-2907,,
136,体験教室一覧(HP),東成スポーツセンター,,コアトレーニング（体幹）＆アロマストレッチ　無料体験会,エクササイズ,,10月10日(祝),13時から13時30分まで13時30分から14時まで,当日受付・先着順,,どなたでも,地下鉄「緑橋」駅,東成区東中本2-11-30,電話:6973‐5166,,
137,体験教室一覧(HP),旭スポーツセンター,,体力測定及びニュースポーツ体験,体力・身体測定,,10月10日(祝),9時から13時まで,当日受付,無料,どなたでも,地下鉄「関目高殿」駅,旭区高殿5-3-25,電話:6953-3901,,
138,体験教室一覧(HP),旭スポーツセンター,,体力測定及びニュースポーツ体験,ニュースポーツ,,10月10日(祝),9時から13時まで,当日受付,無料,どなたでも,地下鉄「関目高殿」駅,旭区高殿5-3-25,電話:6953-3901,,
139,体験教室一覧(HP),旭スポーツセンター,,ミズノビクトリークリニック（バドミントン）,バドミントン,,10月10日(祝),13時30分から14時30分まで,事前（電話・来館）・先着順（10月8日締切）,1000円,16歳以上,地下鉄「関目高殿」駅,,電話:6951‐6575,,
140,体験教室一覧(HP),旭スポーツセンター,,YOGA,ヨガ,,10月10日(祝),13時30分から14時30分まで,事前（電話・来館）・先着順（10月8日締切）,無料,16歳以上,地下鉄「関目高殿」駅,0,,,
141,体験教室一覧(HP),城東スポーツセンター,,太極舞体験会,太極拳・太極舞,,10月10日(祝),10時30分から11時30分まで13時30分から14時30分まで,事前（電話・来館）・先着順（10月9日締切）,無料,大人,ＪＲ「京橋」駅,城東区鴫野西2-1-21,電話:6965‐1391,,
142,体験教室一覧(HP),鶴見スポーツセンター,,大阪エヴェッサバスケットボール体験会（初級者コース・上級者コース）,バスケットボール,,10月10日(祝),13時から14時20分まで（初級）14時30分から15時50分まで（上級）,事前（電話）・先着順（10月10日締切）,500円,小学生（初級者・上級者）,地下鉄「鶴見緑地」駅,鶴見区緑地公園内,電話:6915-2567,,
143,体験教室一覧(HP),阿倍野スポーツセンター,,バウンドテニス教室,ニュースポーツ,,10月10日(祝),9時30分から16時まで,事前（往復はがき）（9月14締切）,500円,市内在住・在勤・在学の方（小学生は保護者同伴）,地下鉄「阿倍野」駅,阿倍野区阿倍野筋3-10-1-100,電話:6469-3883,,
144,体験教室一覧(HP),阿倍野スポーツセンター,,ブラジル体操＆　カポエイラ体験会　,ブラジル体操,,10月10日(祝),13時から15時まで（キッズ）16時から18時まで（大人）,事前（電話）・先着順（10月9日締切）定員に空きがあれば当日可,無料,キッズ:小、中学生大人:高校生以上,地下鉄「阿倍野」駅,阿倍野区阿倍野筋3-10-1-100,電話:6647‐0086,,
145,体験教室一覧(HP),阿倍野スポーツセンター,,ブラジル体操＆　カポエイラ体験会　,カポエイラ,,10月10日(祝),13時から15時まで（キッズ）16時から18時まで（大人）,事前（電話）・先着順（10月9日締切）定員に空きがあれば当日可,無料,キッズ:小、中学生大人:高校生以上,地下鉄「阿倍野」駅,阿倍野区阿倍野筋3-10-1-100,電話:6647‐0086,,
146,体験教室一覧(HP),阿倍野スポーツセンター,,スポーツ吹矢,吹矢,,10月10日(祝),10時から12時まで,事前（電話・来館）・先着順（10月9日締切）,100円,小学生以上,地下鉄「阿倍野」駅,阿倍野区阿倍野筋3-10-1-100,,,
147,体験教室一覧(HP),阿倍野スポーツセンター,,スポーツウェアパーソナルカラー診断,その他,,10月10日(祝),10時から15時まで,事前（電話・来館）・先着順定員に空きがあれば当日可,無料,どなたでも,地下鉄「阿倍野」駅,阿倍野区阿倍野筋3-10-1-100,,,
148,体験教室一覧(HP),住之江スポーツセンター,,ニュースポーツ体験（ドッチビー・スリータッチ・カローリングなど）,ニュースポーツ,,10月10日(祝),10時から15時まで,当日受付・先着順,無料,どなたでも,地下鉄「北加賀屋」駅,住之江区北加賀屋5-3-47,電話:6654‐8280,,
149,体験教室一覧(HP),住吉スポーツセンター,,なぎなた教室,なぎなた,,10月10日(祝),10時から16時まで（受付9時30分）,事前（FAX・電話・往復はがき）（9月30日必着）※当日参加も可能,無料,市内在住・在学・在勤の小学生以上,地下鉄「あびこ」駅,住吉区浅香1-8-15,電話＆FAX:6691‐4595携帯:090-6825-2667,,
133,体験教室一覧(HP),住吉スポーツセンター,,ニュースポーツ・バドミントン等,ニュースポーツ,,10月10日(祝),10時から16時まで,当日受付,,どなたでも,地下鉄「あびこ」駅,住吉区浅香1-8-15,電話:6694‐9201,,
150,体験教室一覧(HP),住吉スポーツセンター,,ニュースポーツ・バドミントン等,バドミントン,,10月10日(祝),10時から16時まで,当日受付,,どなたでも,地下鉄「あびこ」駅,住吉区浅香1-8-15,電話:6694‐9201,,
151,体験教室一覧(HP),住吉スポーツセンター,,ハンドボール教室,ハンドボール,,11月12日（土）,10時から16時まで,事前（往復はがき）・抽選（9月22日消印有効）,,市内在住の小学4～6年生・中学生の方。（小学生は保護者同伴）市内在住・在学・在勤の女性,地下鉄「あびこ」駅,住吉区浅香1-8-15,電話:6394‐2518,,
152,体験教室一覧(HP),平野スポーツセンター,,簡単ひきしめトレーニング,エクササイズ,,10月10日(祝),10時から10時30分まで19時から19時30分まで,当日受付,無料,16歳以上,地下鉄「平野」駅,平野区平野南4-6-1,電話:6709‐1255,,
153,体験教室一覧(HP),西成スポーツセンター,,テニス体験教室,テニス,,10月10日(祝),15時から17時まで,事前（電話・来館）・先着順（10月9日締切）,無料,高校生以上,南海｢岸里玉出」地下鉄「岸里」駅,西成区玉出東1-6-1,電話:4398‐1603,,
154,体験教室一覧(HP),西成スポーツセンター,,ストレッチ45体験教室,エクササイズ,,10月10日(祝),11時45分から12時30分まで,事前（電話・来館）・先着順（10月9日締切）,無料,高校生以上,南海｢岸里玉出」地下鉄「岸里」駅,西成区玉出東1-6-1,,,
155,体験教室一覧(HP),湯里小学校,,オータム・チャレンジ・スポーツ　in　ゆざと卓球、ドッチビー、スリーアイズ、ボッチャ、テニス、グラウンドゴルフ,卓球,,9月22日(祝),9時から14時まで,当日受付・先着順各種目20名,1種目100円,どなたでも（小学生以下は保護者同伴）※障がいのある方もお越しください,近鉄「矢田」駅,大阪市東住吉区湯里6-8-3,電話:090‐8127‐5847,,
156,体験教室一覧(HP),湯里小学校,,オータム・チャレンジ・スポーツ　in　ゆざと卓球、ドッチビー、スリーアイズ、ボッチャ、テニス、グラウンドゴルフ,ニュースポーツ,,9月22日(祝),9時から14時まで,当日受付・先着順各種目20名,1種目100円,どなたでも（小学生以下は保護者同伴）※障がいのある方もお越しください,近鉄「矢田」駅,大阪市東住吉区湯里6-8-3,電話:090‐8127‐5847,,
157,体験教室一覧(HP),湯里小学校,,オータム・チャレンジ・スポーツ　in　ゆざと卓球、ドッチビー、スリーアイズ、ボッチャ、テニス、グラウンドゴルフ,テニス,,9月22日(祝),9時から14時まで,当日受付・先着順各種目20名,1種目100円,どなたでも（小学生以下は保護者同伴）※障がいのある方もお越しください,近鉄「矢田」駅,大阪市東住吉区湯里6-8-3,電話:090‐8127‐5847,,
158,体験教室一覧(HP),もと平野青少年会館付設体育館,,わたの花スポーツ教室卓球、ソフトバレーボール、バドミントン太極拳,卓球,,9月18日（日）,10時から12時まで13時から16時まで,当日受付・先着順各種目25～30名,無料,どなたでも,JR「平野」駅,平野区平野市町3-2-12,電話:6791‐2745,,
159,体験教室一覧(HP),もと平野青少年会館付設体育館,,わたの花スポーツ教室卓球、ソフトバレーボール、バドミントン太極拳,ニュースポーツ,,9月18日（日）,10時から12時まで13時から16時まで,当日受付・先着順各種目25～30名,無料,どなたでも,JR「平野」駅,平野区平野市町3-2-12,電話:6791‐2745,,
160,体験教室一覧(HP),もと平野青少年会館付設体育館,,わたの花スポーツ教室卓球、ソフトバレーボール、バドミントン太極拳,バドミントン,,9月18日（日）,10時から12時まで13時から16時まで,当日受付・先着順各種目25～30名,無料,どなたでも,JR「平野」駅,平野区平野市町3-2-12,電話:6791‐2745,,
161,体験教室一覧(HP),もと平野青少年会館付設体育館,,わたの花スポーツ教室卓球、ソフトバレーボール、バドミントン太極拳,太極拳・太極舞,,9月18日（日）,10時から12時まで13時から16時まで,当日受付・先着順各種目25～30名,無料,どなたでも,JR「平野」駅,平野区平野市町3-2-12,電話:6791‐2745,,
140,体験教室一覧(HP),巽小学校,,オータム・チャレンジ・スポーツ2016　in　たつみ硬式テニス（雨天中止）、卓球,硬式テニス,,11月23日(祝),10時から12時まで,当日9時45分より受付・先着順各種目20名,200円（会員は無料）,小学4年生から大人（小学生は保護者同伴）,地下鉄「南巽」駅,生野区巽中3-12-5,電話:6756‐7871,,
162,体験教室一覧(HP),巽小学校,,オータム・チャレンジ・スポーツ2016　in　たつみ硬式テニス（雨天中止）、卓球,卓球,,11月23日(祝),10時から12時まで,当日9時45分より受付・先着順各種目20名,200円（会員は無料）,小学4年生から大人（小学生は保護者同伴）,地下鉄「南巽」駅,生野区巽中3-12-5,電話:6756‐7871,,
163,体験教室一覧(HP),大空小学校,,大空ゆめわくクラブ体験教室ソフトバレーボール、バドミントン、卓球、ヨガ、太極拳、サッカー、グランドゴルフ,ニュースポーツ,,10月2日（日）,10時から15時まで（種目ごとに指定時間有）,当日受付・先着順各種目20名,100円,小学生以上,JR「あびこ町」駅,住吉区我孫子西1-6-12,電話:090‐3825‐3337,,
164,体験教室一覧(HP),大空小学校,,大空ゆめわくクラブ体験教室ソフトバレーボール、バドミントン、卓球、ヨガ、太極拳、サッカー、グランドゴルフ,バドミントン,,10月2日（日）,10時から15時まで（種目ごとに指定時間有）,当日受付・先着順各種目20名,100円,小学生以上,JR「あびこ町」駅,住吉区我孫子西1-6-12,電話:090‐3825‐3337,,
165,体験教室一覧(HP),大空小学校,,大空ゆめわくクラブ体験教室ソフトバレーボール、バドミントン、卓球、ヨガ、太極拳、サッカー、グランドゴルフ,卓球,,10月2日（日）,10時から15時まで（種目ごとに指定時間有）,当日受付・先着順各種目20名,100円,小学生以上,JR「あびこ町」駅,住吉区我孫子西1-6-12,電話:090‐3825‐3337,,
166,体験教室一覧(HP),大空小学校,,大空ゆめわくクラブ体験教室ソフトバレーボール、バドミントン、卓球、ヨガ、太極拳、サッカー、グランドゴルフ,ヨガ,,10月2日（日）,10時から15時まで（種目ごとに指定時間有）,当日受付・先着順各種目20名,100円,小学生以上,JR「あびこ町」駅,住吉区我孫子西1-6-12,電話:090‐3825‐3337,,
167,体験教室一覧(HP),大空小学校,,大空ゆめわくクラブ体験教室ソフトバレーボール、バドミントン、卓球、ヨガ、太極拳、サッカー、グランドゴルフ,太極拳・太極舞,,10月2日（日）,10時から15時まで（種目ごとに指定時間有）,当日受付・先着順各種目20名,100円,小学生以上,JR「あびこ町」駅,住吉区我孫子西1-6-12,電話:090‐3825‐3337,,
168,体験教室一覧(HP),大空小学校,,大空ゆめわくクラブ体験教室ソフトバレーボール、バドミントン、卓球、ヨガ、太極拳、サッカー、グランドゴルフ,サッカー,,10月2日（日）,10時から15時まで（種目ごとに指定時間有）,当日受付・先着順各種目20名,100円,小学生以上,JR「あびこ町」駅,住吉区我孫子西1-6-12,電話:090‐3825‐3337,,
169,体験教室一覧(HP),府民共済SUPERアリーナ,,フットサル交歓会,フットサル,,10月10日(祝),10時から16時まで（受付9時30分から）,事前（FAX）（10月3日　17時締切）,無料,市内在住の小学4年生以上の方。(小学生は保護者又は顧問同伴）チーム編成は7名から10名以内とする。,市バス「舞洲中央」,此花区北港緑地2-2-15,電話:6441‐5881,,
170,体験教室一覧(HP),山之内西庭球場,,オータム・チャレンジ・スポーツソフトテニスの日,テニス,,10月8日（土）,9時30分から17時まで,事前（FAX）（9月24必着）,500円（午前のみ300円）,小学生,ＪＲ「杉本町」駅,住吉区山之内 5 山之内西公園内,電話:6691‐7052FAX:6606-0222,,
171,体験教室一覧(HP),大阪城弓道場,,弓道体験,弓道,,10月10日(祝),10時から12時30分まで13時10分から16時30分まで,事前（電話・窓口）・先着順（9月30締切）,無料,市内在住・在勤・在学の中学生以上,JR「大阪城公園」駅,中央区大阪城3-4,電話:6941‐9921,,
172,体験教室一覧(HP),扇町プール,,アクアウォーキング,水中エクササイズ,,10月10日(祝),10時から10時30分まで,開始時間までにプールに集合,無料,16歳以上,地下鉄「扇町」駅ＪＲ「天満」駅,北区扇町1-1扇町公園内,電話:6363‐8911,,
173,体験教室一覧(HP),扇町プール,,脂肪バイバイ,不明,,10月10日(祝),14時から14時30分まで,開始時間までにプールに集合,無料,16歳以上,地下鉄「扇町」駅ＪＲ「天満」駅,北区扇町1-1扇町公園内,,,
174,体験教室一覧(HP),都島屋内プール,,水中運動会,水中エクササイズ,,10月10日(祝),13時から14時30分まで,当日会場へ,無料,どなたでも,地下鉄「都島」駅,都島区都島本通4-12-7,電話:6922‐8005,,
175,体験教室一覧(HP),都島屋内プール,,プライベートレッスン,不明,,10月10日(祝),11時から12時まで18時から19時まで,事前（来館）・先着順,5000円,16歳以上,地下鉄「都島」駅,都島区都島本通4-12-7,,,
176,体験教室一覧(HP),都島屋内プール,,遊泳タイム,水泳,,10月10日(祝),14時30分から15時30分まで,当日会場へ,無料,どなたでも,地下鉄「都島」駅,都島区都島本通4-12-7,,,
177,体験教室一覧(HP),都島屋内プール,,ヌードルトレーニング,不明,,10月10日(祝),10時から10時20分まで,当日会場へ,無料,16歳以上,地下鉄「都島」駅,都島区都島本通4-12-7,,,
178,体験教室一覧(HP),都島屋内プール,,ストレッチ,エクササイズ,,10月10日(祝),9時20分から9時50分まで,当日会場へ・先着順,,どなたでも,地下鉄「都島」駅,都島区都島本通4-12-7,,,
179,体験教室一覧(HP),都島屋内プール,,体幹トレーニング,エクササイズ,,10月10日(祝),14時から14時15分まで,当日会場へ・先着順,,どなたでも,地下鉄「都島」駅,都島区都島本通4-12-7,,,
180,体験教室一覧(HP),都島屋内プール,,初めてエアロ,エアロビクス,,10月10日(祝),14時30分から15時まで,当日会場へ・先着順,,どなたでも,地下鉄「都島」駅,都島区都島本通4-12-7,,,
181,体験教室一覧(HP),都島屋内プール,,ロングブレス,エクササイズ,,10月10日(祝),15時15分から15時45分まで,当日会場へ・先着順,,どなたでも,地下鉄「都島」駅,都島区都島本通4-12-7,,,
182,体験教室一覧(HP),都島屋内プール,,ストレッチポール,エクササイズ,,10月10日(祝),16時から16時30分まで,当日会場へ・先着順,,どなたでも,地下鉄「都島」駅,都島区都島本通4-12-7,,,
183,体験教室一覧(HP),下福島屋内プール,,トレーニング場 同伴者無料体験,不明,,10月10日(祝),9時から21時まで（最終入場　20時15分）,2階トレーニング場で当日受付・先着順,無料（利用者1名につき、同伴者1名無料）,16歳以上（中学生は利用不可）,ＪＲ「新福島」駅,福島区福島4-1-82,電話:6444‐3450,,
184,体験教室一覧(HP),此花屋内プール,,ラジオ体操,体操,,10月10日(祝),9時から9時5分まで,当日会場へ・先着順,無料,どなたでも,ＪＲ・阪神「西九条」駅,此花区西九条5-4-21,電話:6465‐6700,,
185,体験教室一覧(HP),此花屋内プール,,キッズ遊泳開放,水泳,,10月10日(祝),11時から11時30分まで13時から13時30分まで14時から14時30分まで,当日会場へ・先着順,無料,どなたでも,ＪＲ・阪神「西九条」駅,此花区西九条5-4-21,,,
186,体験教室一覧(HP),此花屋内プール,,タイムチェック,水泳,,10月10日(祝),10時30分から11時まで,当日会場へ・先着順,無料,どなたでも,ＪＲ・阪神「西九条」駅,此花区西九条5-4-21,,,
187,体験教室一覧(HP),此花屋内プール,,ジャンケン大会,不明,,10月10日(祝),14時30分から15時まで,当日会場へ・先着順,無料,どなたでも,ＪＲ・阪神「西九条」駅,此花区西九条5-4-21,,,
188,体験教室一覧(HP),此花屋内プール,,モーニングストレッチ,エクササイズ,,10月10日(祝),9時30分から9時45分まで,当日会場へ・先着順,無料（施設利用料除く）,どなたでも,ＪＲ・阪神「西九条」駅,此花区西九条5-4-21,,,
189,体験教室一覧(HP),此花屋内プール,,体力測定,体力・身体測定,,10月10日(祝),10時30分から11時30分まで,当日会場へ・先着順,無料（施設利用料除く）,どなたでも,ＪＲ・阪神「西九条」駅,此花区西九条5-4-21,,,
190,体験教室一覧(HP),中央屋内プール,,はじめてアクアビクス,水中エクササイズ,,10月10日(祝),12時から12時45分まで（最終受付11時50分）,当日会場へ・先着順,無料,16歳以上,地下鉄「長堀橋」駅「日本橋」駅,中央区島之内2-7-8,電話:6212‐5473,,
191,体験教室一覧(HP),中央屋内プール,,はじめてエアロビクス,水中エクササイズ,,10月10日(祝),14時30分から15時まで（最終受付14時20分）,当日会場へ・先着順,無料（施設利用料除く）,16歳以上,地下鉄「長堀橋」駅「日本橋」駅,中央区島之内2-7-8,,,
192,体験教室一覧(HP),西屋内プール,,はじめてスイミング（バタフライ）,水泳,,10月10日(祝),11時45分から12時30分まで,当日会場へ・先着順,無料,中学生以上,地下鉄「阿波座」駅市バス「本田1丁目」,西区本田1-4-16,電話:6581‐7601,,
193,体験教室一覧(HP),西屋内プール,,大人スイミングSW（背泳ぎ）,水泳,,10月10日(祝),13時から14時まで,当日会場へ・先着順,無料,中学生以上,地下鉄「阿波座」駅市バス「本田1丁目」,西区本田1-4-16,,,
194,体験教室一覧(HP),大阪プール,,アクアビクス体験教室,水中エクササイズ,,10月10日(祝),11時15分から12時まで,当日会場へ・先着順,無料,16歳以上,地下鉄「朝潮橋」駅,港区田中3-1-20,電話:6571‐2010,,
195,体験教室一覧(HP),大阪プール,,健康運動教室「～ロコモってなあに～」,エクササイズ,,10月10日(祝),9時から10時まで,当日会場へ・先着順,無料,60歳以上,地下鉄「朝潮橋」駅,港区田中3-1-20,,,
196,体験教室一覧(HP),西淀川屋内プール,,アクアビクス,水中エクササイズ,,10月10日(祝),9時30分から10時まで,当日会場へ・先着順,無料,16歳以上,阪神なんば線「福」駅,西淀川区大和田2-5-7,電話:6474‐9940,,
197,体験教室一覧(HP),西淀川屋内プール,,ウォーターバルーン,水上レクリエーション,,10月10日(祝),10時30分から11時30分まで,当日会場へ・先着順,無料,どなたでも,阪神なんば線「福」駅,西淀川区大和田2-5-7,,,
198,体験教室一覧(HP),西淀川屋内プール,,キッズコーナー,不明,,10月10日(祝),14時から15時まで,当日会場へ・先着順,無料,子ども,阪神なんば線「福」駅,西淀川区大和田2-5-7,,,
199,体験教室一覧(HP),西淀川屋内プール,,ジュニア水泳体験,水泳,,10月10日(祝),15時15分から16時30分まで,9月29日から　事前（電話）・先着順,510円,未就学児,阪神なんば線「福」駅,西淀川区大和田2-5-7,,,
200,体験教室一覧(HP),西淀川屋内プール,,アクアウオーキング,水中エクササイズ,,10月10日(祝),18時35分から18時55分まで,当日会場へ・先着順,無料,16歳以上,阪神なんば線「福」駅,西淀川区大和田2-5-7,,,
201,体験教室一覧(HP),西淀川屋内プール,,ストレッチポール,エクササイズ,,10月10日(祝),9時30分から9時45分まで,当日会場へ・先着順,無料,16歳以上,阪神なんば線「福」駅,西淀川区大和田2-5-7,,,
202,体験教室一覧(HP),西淀川屋内プール,,ズンバゴールド（エアロビクス）,エアロビクス,,10月10日(祝),10時30分から11時15分まで,当日会場へ・先着順,無料,16歳以上,阪神なんば線「福」駅,西淀川区大和田2-5-7,,,
203,体験教室一覧(HP),東淀川屋内プール,,ウォーターバルーン体験,水上レクリエーション,,10月10日(祝),13時30分から14時15分まで14時30分から15時15分まで15時30分から16時15分まで,当日会場へ・先着順,無料,どなたでも,阪急「淡路」駅,東淀川区東淡路1-4-53,電話:6325‐5077,,
204,体験教室一覧(HP),東淀川屋内プール,,ヌードル無料貸出し,不明,,10月10日(祝),11時30分から11時45分まで12時30分から12時45分まで14時から14時15分まで15時から15時15分まで16時から16時15分まで,当日会場へ・先着順,無料,どなたでも,阪急「淡路」駅,東淀川区東淡路1-4-53,,,
178,体験教室一覧(HP),東淀川屋内プール,,体力測定,体力・身体測定,,10月10日(祝),9時30分から10時30分まで14時から15時まで17時30分から18時30分まで,当日会場へ・先着順,無料（施設利用料除く）,どなたでも,阪急「淡路」駅,東淀川区東淡路1-4-53,,,
179,体験教室一覧(HP),東成屋内プール,,水中ウォーキング　無料体験会,水中エクササイズ,,10月10日(祝),10時から10時30分まで,当日会場へ・先着順,無料,どなたでも,地下鉄「緑橋」駅,東成区東中本2-12-1,電話:6972‐6123,,
205,体験教室一覧(HP),東成屋内プール,,アクアビクス　無料体験会,水中エクササイズ,,10月10日(祝),11時30分から12時まで,当日会場へ・先着順,無料,どなたでも,地下鉄「緑橋」駅,東成区東中本2-12-1,,,
206,体験教室一覧(HP),生野屋内プール,,体組成測定会,体組成測定,,10月10日(祝),9時から20時30分まで,当日会場へ,無料（施設利用料除く）,高校生または16歳以上,地下鉄・ＪＲ「鶴橋」駅,生野区桃谷3-8-18,電話:6731‐7381,,
207,体験教室一覧(HP),旭屋内プール,,アクアラン,水中エクササイズ,,10月10日(祝),14時から14時30分まで,当日会場へ・先着順,無料,どなたでも,地下鉄「関目高殿」駅,旭区高殿6-14-6,電話:6695‐6491,,
208,体験教室一覧(HP),旭屋内プール,,平泳ぎ無料体験教室,水泳,,10月10日(祝),15時45分から16時45分まで,当日会場へ・先着順,無料,小学生,地下鉄「関目高殿」駅,旭区高殿6-14-6,,,
209,体験教室一覧(HP),旭屋内プール,,クロール無料体験教室,水泳,,10月10日(祝),16時55分から17時55分まで,当日会場へ・先着順,無料,小学生,地下鉄「関目高殿」駅,旭区高殿6-14-6,,,
210,体験教室一覧(HP),城東屋内プール,,体組成測定会,体組成測定,,10月10日(祝),9時から21時まで,当日会場へ,無料（施設利用料除く）,高校生または16歳以上,京阪「野江」駅地下鉄「蒲生四丁目」駅,城東区関目2-17-45,電話:4255‐0230,,
211,体験教室一覧(HP),阿倍野屋内プール,,水中ウォーキング,水中エクササイズ,,10月10日(祝),11時から11時30分まで,事前（電話・来館）・先着順（10月9日締切）,無料,16歳以上,地下鉄「阿倍野」駅,阿倍野区阿倍野筋3-13-23,電話:6636‐7290,,
212,体験教室一覧(HP),住之江屋内プール,,モーニング体操,体操,,10月10日(祝),9時から9時10分まで,当日会場へ・先着順,無料,どなたでも,地下鉄「北加賀屋」駅,住之江区北加賀屋5-3-47,電話:6686‐4163,,
213,体験教室一覧(HP),住之江屋内プール,,アクアビクス,水中エクササイズ,,10月10日(祝),10時30分から11時まで,当日会場へ・先着順,無料,どなたでも,地下鉄「北加賀屋」駅,住之江区北加賀屋5-3-47,,,
214,体験教室一覧(HP),住之江屋内プール,,水泳チェック,水泳,,10月10日(祝),12時30分から13時まで,当日会場へ・先着順,無料,中学生以上,地下鉄「北加賀屋」駅,住之江区北加賀屋5-3-47,,,
215,体験教室一覧(HP),住之江屋内プール,,タイムチェック,水泳,,10月10日(祝),13時30分から14時まで,当日会場へ・先着順,無料,25ｍ泳げる方,地下鉄「北加賀屋」駅,住之江区北加賀屋5-3-47,,,
216,体験教室一覧(HP),住之江屋内プール,,キッズ開放,不明,,10月10日(祝),14時30分から15時30分まで,当日会場へ・先着順,無料,子ども及び保護者,地下鉄「北加賀屋」駅,住之江区北加賀屋5-3-47,,,
217,体験教室一覧(HP),住之江屋内プール,,ジャンケン大会,不明,,10月10日(祝),15時30分から16時まで,当日会場へ・先着順,無料,子ども,地下鉄「北加賀屋」駅,住之江区北加賀屋5-3-47,,,
218,体験教室一覧(HP),住吉屋内プール,,アクアシェイプ30,不明,,10月10日(祝),11時から11時30分まで,当日会場へ・先着順,無料,18歳以上,地下鉄「あびこ」駅,住吉区浅香1-8-15,電話:6694‐9201,,
219,体験教室一覧(HP),住吉屋内プール,,体力＆カラダの動き測定会,体力・身体測定,,10月10日(祝),11時30分から13時まで16時から18時まで,当日受付,無料（施設利用料は必要）,高校生以上,地下鉄「あびこ」駅,住吉区浅香1-8-15,,,
220,体験教室一覧(HP),長居プール,,かんたんアクア,不明,,10月10日(祝),10時から10時45分まで,当日会場へ・先着順,無料,16歳以上,地下鉄「長居」駅JR「鶴ケ丘」駅,東住吉区長居公園1-1,電話:6609‐-1580,,
221,体験教室一覧(HP),平野屋内プール,,スイムタイムチャレンジ（25ｍタイム計測）,水泳,,10月10日(祝),11時から12時まで14時から15時まで,当日会場へ,無料,プール利用ルールに準じる,地下鉄「平野」駅,平野区平野南4-6-1,電話:6709‐1255,,
222,体験教室一覧(HP),西成屋内プール,,こども水泳,水泳,,10月10日(祝),15時30分から16時30分まで,事前（電話・来館）・先着順（10月9日締切）,無料,幼稚園～小学生,南海「岸里玉出」地下鉄「岸里」駅,西成区玉出東1-6-1,電話:4398‐1603,,
223,体験教室一覧(HP),西成屋内プール,,熟年水泳,水泳,,10月10日(祝),11時から12時まで,事前（電話・来館）・先着順（10月9日締切）,無料,60歳以上,南海「岸里玉出」地下鉄「岸里」駅,西成区玉出東1-6-1,,,
224,体験教室一覧(HP),西成屋内プール,,初心者向けクロール特訓,水泳,,10月10日(祝),13時15分から14時15分まで,事前（電話・来館）・先着順（10月9日締切）,無料,中学生以上,南海「岸里玉出」地下鉄「岸里」駅,西成区玉出東1-6-1,,,
225,体験教室一覧(HP),西成屋内プール,,ナイトフィンスイム,水泳,,10月10日(祝),19時から20時00分まで,事前（電話・来館）・先着順（10月9日締切）,無料,中学生以上,南海「岸里玉出」地下鉄「岸里」駅,西成区玉出東1-6-1,,,
226,体験教室一覧(HP),西成屋内プール,,スイムマラソン,水中エクササイズ,,10月10日(祝),12時10分から13時10分まで,事前（電話・来館）・先着順（10月9日締切）,無料,中学生以上で25mを泳げる方,南海「岸里玉出」地下鉄「岸里」駅,西成区玉出東1-6-1,,,
227,体験教室一覧(HP),浪速スケートリンク,,無料開放※貸靴は有料,スケート,,10月10日(祝),10時から19時まで,当日会場へ,無料,どなたでも,地下鉄「なんば」駅,浪速区難波中3-8-8,電話:6643‐6448,,
228,統合型スポーツクラブ(HP),湯里小学校,,オータム・チャレンジ・スポーツ　in　ゆざと卓球、ドッチビー、スリーアイズ、ボッチャ、テニス、グラウンドゴルフ,卓球,,9月22日(祝),9:00から14:00まで,当日受付・先着順各種目20名,1種目100円,どなたでも（小学生以下は保護者同伴）※障がいのある方もお越しください,近鉄「矢田」駅,大阪市東住吉区湯里6-8-3,電話:090‐8127‐5847,,
229,統合型スポーツクラブ(HP),湯里小学校,,オータム・チャレンジ・スポーツ　in　ゆざと卓球、ドッチビー、スリーアイズ、ボッチャ、テニス、グラウンドゴルフ,ニュースポーツ,,9月22日(祝),9:00から14:00まで,当日受付・先着順各種目20名,1種目100円,どなたでも（小学生以下は保護者同伴）※障がいのある方もお越しください,近鉄「矢田」駅,大阪市東住吉区湯里6-8-3,電話:090‐8127‐5847,,
230,統合型スポーツクラブ(HP),湯里小学校,,オータム・チャレンジ・スポーツ　in　ゆざと卓球、ドッチビー、スリーアイズ、ボッチャ、テニス、グラウンドゴルフ,テニス,,9月22日(祝),9:00から14:00まで,当日受付・先着順各種目20名,1種目100円,どなたでも（小学生以下は保護者同伴）※障がいのある方もお越しください,近鉄「矢田」駅,大阪市東住吉区湯里6-8-3,電話:090‐8127‐5847,,
231,統合型スポーツクラブ(HP),もと平野青少年会館付設体育館,,わたの花スポーツ教室卓球、ソフトバレーボール、バドミントン太極拳,卓球,,9月18日（日）,10:00から12:00まで13:00から16:00まで,当日受付・先着順各種目25～30名,無料,どなたでも,JR「平野」駅,平野区平野市町3-2-12,電話:6791‐2745,,
232,統合型スポーツクラブ(HP),もと平野青少年会館付設体育館,,わたの花スポーツ教室卓球、ソフトバレーボール、バドミントン太極拳,ニュースポーツ,,9月18日（日）,10:00から12:00まで13:00から16:00まで,当日受付・先着順各種目25～30名,無料,どなたでも,JR「平野」駅,平野区平野市町3-2-12,電話:6791‐2745,,
233,統合型スポーツクラブ(HP),もと平野青少年会館付設体育館,,わたの花スポーツ教室卓球、ソフトバレーボール、バドミントン太極拳,バドミントン,,9月18日（日）,10:00から12:00まで13:00から16:00まで,当日受付・先着順各種目25～30名,無料,どなたでも,JR「平野」駅,平野区平野市町3-2-12,電話:6791‐2745,,
234,統合型スポーツクラブ(HP),もと平野青少年会館付設体育館,,わたの花スポーツ教室卓球、ソフトバレーボール、バドミントン太極拳,太極拳・太極舞,,9月18日（日）,10:00から12:00まで13:00から16:00まで,当日受付・先着順各種目25～30名,無料,どなたでも,JR「平野」駅,平野区平野市町3-2-12,電話:6791‐2745,,
235,統合型スポーツクラブ(HP),巽小学校,,オータム・チャレンジ・スポーツ2016in　たつみ硬式テニス（雨天中止）、卓球,硬式テニス,,11月23日(祝),10:00から12:00まで,当日9:45より受付・先着順各種目20名,200円（会員は無料）,小学4年生から大人（小学生は保護者同伴）,地下鉄「南巽」駅,生野区巽中3-12-5,電話:6756‐7871,,
236,統合型スポーツクラブ(HP),巽小学校,,オータム・チャレンジ・スポーツ2016in　たつみ硬式テニス（雨天中止）、卓球,卓球,,11月23日(祝),10:00から12:00まで,当日9:45より受付・先着順各種目20名,200円（会員は無料）,小学4年生から大人（小学生は保護者同伴）,地下鉄「南巽」駅,生野区巽中3-12-5,電話:6756‐7871,,
237,統合型スポーツクラブ(HP),大空小学校,,大空ゆめわくクラブ体験教室ソフトバレーボール、バドミントン、卓球、ヨガ、太極拳、サッカー、グランドゴルフ,ニュースポーツ,,10月2日（日）,10時から11時まで　ヨガ10時から11時30分まで　ソフトバレーボール10時から12時まで　サッカー10時45分から13時15分まで　バドミントン11時15分から12時15分まで　太極拳12時30分から15時まで　グランドゴルフ13時30分から15時まで　卓球,当日受付・先着順各種目20名,100円,小学生以上,JR「あびこ町」駅,住吉区我孫子西1-6-12,電話:090‐3825‐3337,,
238,統合型スポーツクラブ(HP),大空小学校,,大空ゆめわくクラブ体験教室ソフトバレーボール、バドミントン、卓球、ヨガ、太極拳、サッカー、グランドゴルフ,バドミントン,,10月2日（日）,10時から11時まで　ヨガ10時から11時30分まで　ソフトバレーボール10時から12時まで　サッカー10時45分から13時15分まで　バドミントン11時15分から12時15分まで　太極拳12時30分から15時まで　グランドゴルフ13時30分から15時まで　卓球,当日受付・先着順各種目20名,100円,小学生以上,JR「あびこ町」駅,住吉区我孫子西1-6-12,電話:090‐3825‐3337,,
239,統合型スポーツクラブ(HP),大空小学校,,大空ゆめわくクラブ体験教室ソフトバレーボール、バドミントン、卓球、ヨガ、太極拳、サッカー、グランドゴルフ,卓球,,10月2日（日）,10時から11時まで　ヨガ10時から11時30分まで　ソフトバレーボール10時から12時まで　サッカー10時45分から13時15分まで　バドミントン11時15分から12時15分まで　太極拳12時30分から15時まで　グランドゴルフ13時30分から15時まで　卓球,当日受付・先着順各種目20名,100円,小学生以上,JR「あびこ町」駅,住吉区我孫子西1-6-12,電話:090‐3825‐3337,,
240,統合型スポーツクラブ(HP),大空小学校,,大空ゆめわくクラブ体験教室ソフトバレーボール、バドミントン、卓球、ヨガ、太極拳、サッカー、グランドゴルフ,ヨガ,,10月2日（日）,10時から11時まで　ヨガ10時から11時30分まで　ソフトバレーボール10時から12時まで　サッカー10時45分から13時15分まで　バドミントン11時15分から12時15分まで　太極拳12時30分から15時まで　グランドゴルフ13時30分から15時まで　卓球,当日受付・先着順各種目20名,100円,小学生以上,JR「あびこ町」駅,住吉区我孫子西1-6-12,電話:090‐3825‐3337,,
241,統合型スポーツクラブ(HP),大空小学校,,大空ゆめわくクラブ体験教室ソフトバレーボール、バドミントン、卓球、ヨガ、太極拳、サッカー、グランドゴルフ,太極拳・太極舞,,10月2日（日）,10時から11時まで　ヨガ10時から11時30分まで　ソフトバレーボール10時から12時まで　サッカー10時45分から13時15分まで　バドミントン11時15分から12時15分まで　太極拳12時30分から15時まで　グランドゴルフ13時30分から15時まで　卓球,当日受付・先着順各種目20名,100円,小学生以上,JR「あびこ町」駅,住吉区我孫子西1-6-12,電話:090‐3825‐3337,,
242,統合型スポーツクラブ(HP),大空小学校,,大空ゆめわくクラブ体験教室ソフトバレーボール、バドミントン、卓球、ヨガ、太極拳、サッカー、グランドゴルフ,サッカー,,10月2日（日）,10時から11時まで　ヨガ10時から11時30分まで　ソフトバレーボール10時から12時まで　サッカー10時45分から13時15分まで　バドミントン11時15分から12時15分まで　太極拳12時30分から15時まで　グランドゴルフ13時30分から15時まで　卓球,当日受付・先着順各種目20名,100円,小学生以上,JR「あびこ町」駅,住吉区我孫子西1-6-12,電話:090‐3825‐3337,,