ID,ファイル名,施設名,場所,イベント名,競技,ｲﾍﾞﾝﾄ内容,開催日,実施時間,申込方法,費用,対象,最寄駅,住所,電話,問い合わせ,ＵＲＬ,最近身体が痛いな…,身体の状態を知りたい!,やせたい!,きれいになりたい!,新感覚!?,みんなでワイワイ!,一人で参加OK!,若者には負けないぞ!,親子でエンジョイ!,子どもに運動を!,まずは体験!,習いたい!
1,スポーツセンター,城東区民センター,,ニュースポーツ体験,ニュースポーツ,ストレッチ体験やニュースポーツを体験。,9/10(日),10:00~15:00,当日受付,無料,どなたでも,地下鉄「蒲生四丁目」駅,城東区中央3-5-45,,城東区スポーツ推進委員協議会電話:080-8333-2690,,,,,,1,1,1,,,,1,
2,フェスタ,天王寺スポーツセンター,,天王寺オータム・チャレンジ・スポーツ,テニス,1.テニス、子どもテニス/2.バドミントン、子どもバドミントン、卓球、ソフトバレーボール,9/17(日),1.9:30~12:30/2.13:30~16:30,当日受付・先着順,無料,小学生以上各種目30名,地下鉄・JR「玉造」駅,天王寺区真田山町5-109,06-6576-0800,天王寺区スポーツ推進委員協議会電話:090-5051-6831,,,,,,,,1,1,,1,,
3,フェスタ,天王寺スポーツセンター,,天王寺オータム・チャレンジ・スポーツ,バドミントン,1.テニス、子どもテニス/2.バドミントン、子どもバドミントン、卓球、ソフトバレーボール,9/17(日),1.9:30~12:30/2.13:30~16:30,当日受付・先着順,無料,小学生以上各種目30名,地下鉄・JR「玉造」駅,天王寺区真田山町5-109,06-6576-0800,天王寺区スポーツ推進委員協議会電話:090-5051-6831,,,,,,,1,1,,,1,,
4,フェスタ,天王寺スポーツセンター,,天王寺オータム・チャレンジ・スポーツ,卓球,1.テニス、子どもテニス/2.バドミントン、子どもバドミントン、卓球、ソフトバレーボール,9/17(日),1.9:30~12:30/2.13:30~16:30,当日受付・先着順,無料,小学生以上各種目30名,地下鉄・JR「玉造」駅,天王寺区真田山町5-109,06-6576-0800,天王寺区スポーツ推進委員協議会電話:090-5051-6831,,,,,,,,1,1,,1,,
5,フェスタ,天王寺スポーツセンター,,天王寺オータム・チャレンジ・スポーツ,ニュースポーツ,1.テニス、子どもテニス/2.バドミントン、子どもバドミントン、卓球、ソフトバレーボール,9/17(日),1.9:30~12:30/2.13:30~16:30,当日受付・先着順,無料,小学生以上各種目30名,地下鉄・JR「玉造」駅,天王寺区真田山町5-109,06-6576-0800,天王寺区スポーツ推進委員協議会電話:090-5051-6831,,,,,,1,1,1,,,1,,
6,大会,西スポーツセンター,,第3回西区スリーアイズ大会,ニュースポーツ,ニュースポーツ「スリーアイズ」大会,9/17(日),8:00~15:00,事前(参加申込書を持参・FAX)先着順(9/4締切)24チーム,500円,どなたでも,地下鉄「阿波座」駅,西区立売堀4-10-18,06-6538-3413,西区スポーツ推進委員協議会事務局電話:06-6535-5010FAX:020-4664-1510,,,,,,1,1,1,,,,,
7,フェスタ,湯里小学校,,オータム・チャレンジ・スポーツ2017inゆざとスポーツ教室,ニュースポーツ,ドッヂビー、グランドゴルフ、スリーアイズ、テニス、盆おどり、キャッチボール、卓球,9/18(祝),9:00~12:00,当日受付・先着順各種目15名,100円,どなたでも(小学生以下は保護者同伴)※障がいのある方もお越しください,近鉄「矢田」駅,東住吉区湯里6-8-3,,ゆざと軽スポーツクラブ電話:090-8127-5847,,,,,,1,1,1,,1,1,,1
8,フェスタ,湯里小学校,,オータム・チャレンジ・スポーツ2017inゆざとスポーツ教室,テニス,ドッヂビー、グランドゴルフ、スリーアイズ、テニス、盆おどり、キャッチボール、卓球,9/18(祝),9:00~12:00,当日受付・先着順各種目15名,100円,どなたでも(小学生以下は保護者同伴)※障がいのある方もお越しください,近鉄「矢田」駅,東住吉区湯里6-8-3,,ゆざと軽スポーツクラブ電話:090-8127-5847,,,,,,,,1,1,1,1,,1
9,フェスタ,湯里小学校,,オータム・チャレンジ・スポーツ2017inゆざとスポーツ教室,卓球,ドッヂビー、グランドゴルフ、スリーアイズ、テニス、盆おどり、キャッチボール、卓球,9/18(祝),9:00~12:00,当日受付・先着順各種目15名,100円,どなたでも(小学生以下は保護者同伴)※障がいのある方もお越しください,近鉄「矢田」駅,東住吉区湯里6-8-3,,ゆざと軽スポーツクラブ電話:090-8127-5847,,,,,,,,1,1,1,1,,1
10,フェスタ,もと平野青少年会館付設体育館,,地域交流会,卓球,卓球ゲームバドミントンソフトバレーボール,9/18(祝),9:30~16:00,当日受付,無料,どなたでも,JR「平野」駅,平野区平野市町3-2-12,,わたの花スポーツクラブ電話:06-6705-2170,,,,,,,1,1,1,,,,
11,フェスタ,もと平野青少年会館付設体育館,,地域交流会,その他,卓球ゲームバドミントンソフトバレーボール,9/18(祝),9:30~16:00,当日受付,無料,どなたでも,JR「平野」駅,平野区平野市町3-2-12,,わたの花スポーツクラブ電話:06-6705-2170,,,,,1,,,1,1,,,,
12,フェスタ,もと平野青少年会館付設体育館,,地域交流会,バドミントン,卓球ゲームバドミントンソフトバレーボール,9/18(祝),9:30~16:00,当日受付,無料,どなたでも,JR「平野」駅,平野区平野市町3-2-12,,わたの花スポーツクラブ電話:06-6705-2170,,,,,,,1,1,1,,,,
13,フェスタ,もと平野青少年会館付設体育館,,地域交流会,ニュースポーツ,卓球ゲームバドミントンソフトバレーボール,9/18(祝),9:30~16:00,当日受付,無料,どなたでも,JR「平野」駅,平野区平野市町3-2-12,,わたの花スポーツクラブ電話:06-6705-2170,,,,,,1,1,1,,,,,
14,大会,鶴見緑地庭球場,,オータム・チャレンジ・スポーツ2017テニス大会,テニス,ﾀﾞﾌﾞﾙｽの大会(初級者男子・女子、一般男子・女子),9/23(土),9:00~17:00,事前(Eメール・申込書送付)・抽選各32組(8/25締切),2000円,どなたでも,地下鉄「鶴見緑地」駅,鶴見区浜1-2-6,06-6915-2500,大阪市テニス協会/電話:090-3622-9029/Eﾒｰﾙ:octa@sound.ocn.ne.jp,,,,,,,1,1,1,,,,
15,スポーツセンター,浪速スポーツセンター,,インディアカ体験参加教室,ニュースポーツ,初心者向けの体験教室,9/24(日),10:00~16:00,事前(FAX)・先着順50名(8/31締切),無料,どなたでも,地下鉄「なんば」駅,浪速区難波中3-8-8,電話:06-6643-6444,大阪市インディアカ協会電話:090-8665-2711FAX06-6791-5224,http://osakashi.opas.jp/genre/Table_tennis/tyubu_kitaku_tyuoku_nishiku_tennojiku_naniwaku/naniwa_spocen/index.html,,,,,1,1,1,,,,1,1
16,大会,鶴見緑地庭球場,,オータム・チャレンジ・スポーツ2017テニス大会,テニス,ﾀﾞﾌﾞﾙｽの大会(夫婦ﾀﾞﾌﾞﾙｽ、親子ﾀﾞﾌﾞﾙｽ、交流ﾀﾞﾌﾞﾙｽ),9/24(日),9:00~17:00,事前(Eメール・申込書送付)・抽選各32組(8/25締切),2000円,親子ダブルス(小学生と親又は祖父母)/交流ダブルス(男子・女子・男女のペア),地下鉄「鶴見緑地」駅,鶴見区浜1-2-6,06-6915-2500,大阪市テニス協会/電話:090-3622-9029/Eﾒｰﾙ:octa@sound.ocn.ne.jp,,,,,,,1,1,1,,,,
17,大会,鶴見緑地庭球場,,PLAY＆STAYレッスン,ニュースポーツ,子どもで初心者向けの教室,9/24(日),10:00~10:40/11:00~11:40/12:00~12:40,事前(Eメール・申込書送付)・抽選各回20名(8/25締切),無料,小学生(初心者対象),地下鉄「鶴見緑地」駅,鶴見区浜1-2-6,06-6915-2500,大阪市テニス協会/電話:090-3622-9029/Eﾒｰﾙ:octa@sound.ocn.ne.jp,,,,,,,1,1,,,1,,1
18,大会,長居庭球場,,ジュニア硬式テニス大会,テニス,シングルス大会,9/24(日),9:00~15:00,事前(電話・FAX)・先着順(9/9締切)60名,500円,中学生以上,地下鉄・JR「長居」駅,東住吉区長居公園1-1,06-6698-1235,大阪市コミュニティ協会東住吉区支部協議会電話:06-6115-8236FAX:06-6115-8260,,,,,,,1,1,1,,,,
19,スポーツセンター,西成スポーツセンター,,かんたんエアロビクス,エアロビクス,エアロビクスの簡単な動きから指導する教室。,9/29(金),13:00~14:00,事前受付先着順12名,300円,18歳以上,南海「岸里玉出」駅/地下鉄「岸里」駅,西成区玉出東1-6-1,電話:06-4398-1603,西成スポーツセンター電話:06-4398-1603,http://osakashi.opas.jp/genre/Table_tennis/nambu_abenoku_suminoeku_sumiyoshiku_higashisumiyoshiku_hiranoku_nishinariku/ninarispc/index.html,,,1,,,,1,,,,,1
20,スポーツセンター,西成スポーツセンター,,背骨コンディショニング,体操,背骨のゆがみを整え、周りの筋肉や神経を緩める体操。,9/29(金),14:30~15:30,事前受付先着順12名,300円,18歳以上,南海「岸里玉出」駅/地下鉄「岸里」駅,西成区玉出東1-6-1,電話:06-4398-1603,西成スポーツセンター電話:06-4398-1603,http://osakashi.opas.jp/genre/Table_tennis/nambu_abenoku_suminoeku_sumiyoshiku_higashisumiyoshiku_hiranoku_nishinariku/ninarispc/index.html,1,,,,,,1,1,,,,
21,フェスタ,長居障がい者スポーツセンター,,2017ENJOY！長居フェスティバル(障がい者スポーツの祭典・体力測定),その他,障がい者スポーツの祭典1障がい者スポーツの理解・体験(パラリンピック種目から健康づくりスポーツまで、さまざまなスポーツを体験できるよう、誰もがチャレンジできるよう、充実した内容を提供します。)2体力測定(障がいのある・なし、障がいのある人でも取り組めるよう工夫しています。)3バザー(福祉施設や障がい者団体などから出店予定),10/1(日),10:00~16:00,当日受付,無料,障がいのある方、ない方、誰でも参加できます,地下鉄・JR「長居」駅,東住吉区長居公園1-32,電話:06-6697-8681,大阪市長居障がい者スポーツセンター電話:06-6697-8681,,,,,,,,1,1,,,1,
22,フェスタ,長居障がい者スポーツセンター,,2017ENJOY！長居フェスティバル(障がい者スポーツの祭典・体力測定),体力・身体測定,障がい者スポーツの祭典1障がい者スポーツの理解・体験(パラリンピック種目から健康づくりスポーツまで、さまざまなスポーツを体験できるよう、誰もがチャレンジできるよう、充実した内容を提供します。)2体力測定(障がいのある・なし、障がいのある人でも取り組めるよう工夫しています。)3バザー(福祉施設や障がい者団体などから出店予定),10/1(日),10:00~16:00,当日受付,無料,障がいのある方、ない方、誰でも参加できます,地下鉄・JR「長居」駅,東住吉区長居公園1-32,電話:06-6697-8681,大阪市長居障がい者スポーツセンター電話:06-6697-8681,,1,1,,,,,1,,,,1,
23,フェスタ,ヤンマースタジアム長居,,第39回大阪市スポーツ少年団まつり,その他,大阪市スポーツ少年団の運動会。市内に居住する小・中学生及びその保護者も参加いただけます。,10/1(日),9:00~16:30,当日受付(9:30~),無料,市内に居住する小・中学生及びその保護者,地下鉄・JR「長居」駅,東住吉区長居公園1-1,06-6691-2500,大阪市経済戦略局スポーツ部電話:06-6469-3883,,,,,,,1,1,1,,,,
24,フェスタ,舞洲障がい者スポーツセンター,,2017アミティフェスティバル(運動会),その他,みんなで楽しめる運動会,10/7(土),10:30~15:00,当日受付,無料,障がいのある方、ない方、誰でも参加できます,市バス「アミティ舞洲」バス停,此花区北港白津2-1-46,電話:06-6465-8200,大阪市舞洲障がい者スポーツセンター電話:06-6465-8200,,,,,,,1,1,1,,,,
25,フェスタ,山之内西庭球場,,オータム・チャレンジ・スポーツソフトテニスの日,ニュースポーツ,小学生のソフトテニス講習会及びゲーム、練習,10/7(土),9:00~17:00,事前(FAX)(9/25締切)定員120名,500円(午前のみ300円),小学生,JR「杉本町」駅,住吉区山之内5,,大阪市ソフトテニス連盟電話:06-6691-7052FAX:06-6606-0222,,,,,,1,1,1,,,1,,
26,スポーツセンター,淀川スポーツセンター,,こんなスポーツもあるヨ！ニュースポーツ体験,ニュースポーツ,フリスビー、カローリング、フロッカー(第2体育場),10/8(日),9:30~13:00,当日受付・先着順,無料,どなたでも,地下鉄・JR「新大阪」駅,淀川区西宮原2-1-3,電話:06-6350-4555,淀川スポーツセンター電話:06-6350-4555,http://osakashi.opas.jp/genre/Table_tennis/hokubu_nishiyodogawaku_yodogawaku_higashiyodogawaku/spocen/index.html,,,,,1,1,1,,,,1,
27,スポーツセンター,淀川スポーツセンター,,新体力テスト・健康チェック,体力・身体測定,握力、上体起こしなど体力測定(第1体育場),10/8(日),9:30~13:00,当日受付(12時まで)先着順100名,無料,3歳~79歳まで,地下鉄・JR「新大阪」駅,淀川区西宮原2-1-3,電話:06-6350-4555,淀川スポーツセンター電話:06-6350-4555,http://osakashi.opas.jp/genre/Table_tennis/hokubu_nishiyodogawaku_yodogawaku_higashiyodogawaku/spocen/index.html,1,1,,,,,1,1,,,,
28,スポーツセンター,東淀川体育館,,バドミントン教室,バドミントン,午前:有名コーチ及び指導員により実技指導午後:参加者による交歓会,10/8(日),9:00~21:00,事前(FAX、はがき)・抽選(9/22締切),中学生800円/高校生以上1000円,市内在住・在勤・在学の中学生以上の方,地下鉄「新大阪」駅,東淀川区東中島4-4-4,電話:06-6321-0003,大阪市バドミントン協会電話:090-7753-0194(9:00~17:00まで)FAX:06-7182-8802,http://osakashi.opas.jp/genre/Table_tennis/hokubu_nishiyodogawaku_yodogawaku_higashiyodogawaku/taiikukan/index.html,,,,,,1,1,1,,,,
29,大会,大阪城公園太陽の広場,,ゲートボール大会,ニュースポーツ,各コート6チームで編成し、リンク戦を行う。1チーム3試合。各チームは監督を含めて9名以内とする。,10/8(日),9:00~16:00,事前(申込用紙、参加費を送付)(9/5締切),1000円,市内在住・在勤の方(年齢不問、ただし小学生は保護者同伴),JR「大阪城公園」駅,中央区大阪城3,,大阪市ゲートボール連盟電話:06-6633-7639,,,,,,1,1,1,,1,1,,
30,大会,生野スポーツセンター,,第12回スリーアイズ市民大会,ニュースポーツ,ニュースポーツ「スリーアイズ」の大会,10/8(日),9:00~16:00,事前(ハガキ・FAX)・先着順(9/22必着),1チーム500円,市内在住・在勤の方,市バス「大池橋」バス停,生野区巽西1-1-3,06-6758-4500,生野区役所市民協働課電話:06-6715-9009FAX:06-6717-1163,,,,,,1,1,1,,,,,
31,プール,扇町プール,プール,無料開放,水泳,無料開放,10/9(祝),9:00~20:30,当日会場へ,無料,どなたでも(小学4年生以下は保護者(16歳以上)同伴。また保護者1人につき子ども3人まで),地下鉄「扇町」駅/JR「天満」駅,北区扇町1-1,電話:06-6363-8911,電話:06-6363-8911,http://osakashi.opas.jp/genre/swim/tyubu_kitaku_tyuoku_nishiku_tennojiku_naniwaku/pool/index.html,,,,,,,1,,1,1,,
32,プール,扇町プール,プール,アクアリズム45,水中エクササイズ,色々な世代の歌謡曲に合わせて、水中で様々な動作を行い、膝への負担も少なく楽しくする運動。,10/9(祝),9:45~10:35,当日会場へ先着順30名,無料,中学生以上,地下鉄「扇町」駅/JR「天満」駅,北区扇町1-1,電話:06-6363-8911,電話:06-6363-8911,http://osakashi.opas.jp/genre/swim/tyubu_kitaku_tyuoku_nishiku_tennojiku_naniwaku/pool/index.html,,,,1,,,1,1,,,,
33,プール,扇町プール,プール,脂肪バイバイ,水中エクササイズ,水中でのジョギングと筋力トレーニングを交互に行い、脂肪を効率よく燃焼させる運動。,10/9(祝),14:00~14:30,当日会場へ先着順30名,無料,,地下鉄「扇町」駅/JR「天満」駅,北区扇町1-1,電話:06-6363-8911,電話:06-6363-8911,http://osakashi.opas.jp/genre/swim/tyubu_kitaku_tyuoku_nishiku_tennojiku_naniwaku/pool/index.html,,,,1,,,1,1,,,,
34,プール,下福島プール,プール,無料開放,水泳,無料開放,10/9(祝),9:00~20:30,当日会場へ,無料,どなたでも(小学4年生以下は保護者(16歳以上)同伴。また保護者1人につき子ども3人まで),JR「新福島」駅,福島区福島4-1-82,電話:06-6444-3450,電話:06-6444-3450,http://osakashi.opas.jp/genre/swim/seibu_minatoku_taisyoku_hukushimaku_konohanaku/shimofukushimapool/index.html,,,,,,,1,,1,1,,
35,プール,下福島プール,トレーニング場,ヨガ教室体験,ヨガ,体の歪み・ねじれを矯正して健康な体に近づける教室。,10/9(祝),11:45~12:45,当日受付先着順20名,500円(別途施設利用料必要),16歳以上,JR「新福島」駅,福島区福島4-1-82,電話:06-6444-3450,電話:06-6444-3450,http://osakashi.opas.jp/genre/swim/seibu_minatoku_taisyoku_hukushimaku_konohanaku/shimofukushimapool/index.html,,,,1,,,1,1,,,1,1
36,プール,下福島プール,トレーニング場,ラテンダンス教室体験,エクササイズ,ラテンのリズムに乗って情熱的なダンスをする教室。,10/9(祝),13:00~14:00,当日受付先着順20名,500円(別途施設利用料必要),16歳以上,JR「新福島」駅,福島区福島4-1-82,電話:06-6444-3450,電話:06-6444-3450,http://osakashi.opas.jp/genre/swim/seibu_minatoku_taisyoku_hukushimaku_konohanaku/shimofukushimapool/index.html,,,,1,,,1,,,,1,1
37,プール,下福島プール,トレーニング場,ダイエットヨガ教室体験,エクササイズ,ヨガのポーズを連続して行い、シェイプアップに効果的な教室。,10/9(祝),19:00~20:00,当日受付先着順20名,500円(別途施設利用料必要),16歳以上,JR「新福島」駅,福島区福島4-1-82,電話:06-6444-3450,電話:06-6444-3450,http://osakashi.opas.jp/genre/swim/seibu_minatoku_taisyoku_hukushimaku_konohanaku/shimofukushimapool/index.html,,,,1,,,1,,,,1,1
38,プール,此花屋内プール,プール,無料開放,水泳,無料開放,10/9(祝),9:00~20:30,当日会場へ,無料,どなたでも(小学4年生以下は保護者(16歳以上)同伴。また保護者1人につき子ども3人まで),JR・阪神「西九条」駅,此花区西九条5-4-21,電話:06-6465-6700,電話:06-6465-6700,http://osakashi.opas.jp/genre/swim/seibu_minatoku_taisyoku_hukushimaku_konohanaku/konohanaokunaipool/index.html,,,,,,,1,,1,1,,
39,プール,此花屋内プール,スタジオ,かろやか健康体操,体操,バランスボールを使った体幹トレーニング。,10/9(祝),11:00~12:00/13:00~14:00,事前受付(先着順)H29.9.12受付開始電話・来館,無料(施設利用料は必要),16歳以上,JR・阪神「西九条」駅,此花区西九条5-4-21,電話:06-6465-6700,電話:06-6465-6700,http://osakashi.opas.jp/genre/swim/seibu_minatoku_taisyoku_hukushimaku_konohanaku/konohanaokunaipool/index.html,1,,,,,,1,1,,,,
40,プール,此花屋内プール,スタジオ,キッズダンス教室,エクササイズ,音楽にあわせて体を動かし踊る教室。,10/9(祝),16:10~16:55,,無料,未就学児(年中~),JR・阪神「西九条」駅,此花区西九条5-4-21,電話:06-6465-6700,電話:06-6465-6700,http://osakashi.opas.jp/genre/swim/seibu_minatoku_taisyoku_hukushimaku_konohanaku/konohanaokunaipool/index.html,,,,1,,,1,,,1,,1
41,プール,此花屋内プール,スタジオ,こどもHIPHOP教室,エクササイズ,音楽にあわせて体を動かし踊る教室。,10/9(祝),17:00~18:00,,無料,小学生以上,JR・阪神「西九条」駅,此花区西九条5-4-21,電話:06-6465-6700,電話:06-6465-6700,http://osakashi.opas.jp/genre/swim/seibu_minatoku_taisyoku_hukushimaku_konohanaku/konohanaokunaipool/index.html,,,,1,,,1,,,1,,1
42,プール,中央屋内プール,プール,無料開放,水泳,無料開放,10/9(祝),9:00~20:30,当日会場へ,無料,どなたでも(小学4年生以下は保護者(16歳以上)同伴。また保護者1人につき子ども3人まで),地下鉄「長堀橋」駅・「日本橋」駅,中央区島之内2-7-8,電話:06-6212-5473,電話:06-6212-5473,http://osakashi.opas.jp/genre/swim/tyubu_kitaku_tyuoku_nishiku_tennojiku_naniwaku/tyuuou_pool/index.html,,,,,,,1,,1,1,,
43,プール,中央屋内プール,プール,はじめてのアクアビクス,水中エクササイズ,水中で音楽に合わせて楽しく身体を動かす運動。泳げない方でも参加可能。,10/9(祝),12:00~12:45(最終受付11:50),なし,無料,16歳以上,地下鉄「長堀橋」駅・「日本橋」駅,中央区島之内2-7-8,電話:06-6212-5473,電話:06-6212-5473,http://osakashi.opas.jp/genre/swim/tyubu_kitaku_tyuoku_nishiku_tennojiku_naniwaku/tyuuou_pool/index.html,,,,1,,,1,1,,,,
44,プール,中央屋内プール,スタジオ,はじめてのエアロビクス,エアロビクス,誰にでもできる「やさしい」エアロビクス教室。,10/9(祝),14:30~15:00(最終受付14:20),当日会場へ先着順15名※フロアシューズ持参,無料(施設利用料は必要),16歳以上,地下鉄「長堀橋」駅・「日本橋」駅,中央区島之内2-7-8,電話:06-6212-5473,電話:06-6212-5473,http://osakashi.opas.jp/genre/swim/tyubu_kitaku_tyuoku_nishiku_tennojiku_naniwaku/tyuuou_pool/index.html,,,1,,,,1,,,,,1
45,プール,西屋内プール,プール,無料開放,水泳,無料開放,10/9(祝),9:00~20:30,当日会場へ,無料,どなたでも(小学4年生以下は保護者(16歳以上)同伴。また保護者1人につき子ども3人まで),地下鉄「阿波座」駅/市バス「本田1丁目」,西区本田1-4-16,電話:06-6581-7601,電話:06-6581-7601,http://osakashi.opas.jp/genre/swim/tyubu_kitaku_tyuoku_nishiku_tennojiku_naniwaku/nishiokunaipool/index.html,,,,,,,1,,1,1,,
46,プール,西屋内プール,プール,はじめてスイミング(バタフライ),水泳,バタフライに初めて挑戦したい方の教室。,10/9(祝),11:45~12:30,当日会場へ先着順10名,無料,中学生以上,地下鉄「阿波座」駅/市バス「本田1丁目」,西区本田1-4-16,電話:06-6581-7601,電話:06-6581-7601,http://osakashi.opas.jp/genre/swim/tyubu_kitaku_tyuoku_nishiku_tennojiku_naniwaku/nishiokunaipool/index.html,,,,,,,1,1,,,,1
47,プール,西屋内プール,プール,大人スイミングSW,水泳,初級(クロール)・中級(背泳ぎ)に分かれて泳法を練習する教室。,10/9(祝),13:00~14:00,当日会場へ先着順初級15名中級20名,無料,,地下鉄「阿波座」駅/市バス「本田1丁目」,西区本田1-4-16,電話:06-6581-7601,電話:06-6581-7601,http://osakashi.opas.jp/genre/swim/tyubu_kitaku_tyuoku_nishiku_tennojiku_naniwaku/nishiokunaipool/index.html,,,,,,,1,1,,,,1
48,プール,西屋内プール,プール,フィンスイミング,水泳,フィンを使用し体験できる教室。,10/9(祝),14:30~15:30,当日会場へ先着順9名,無料,,地下鉄「阿波座」駅/市バス「本田1丁目」,西区本田1-4-16,電話:06-6581-7601,電話:06-6581-7601,http://osakashi.opas.jp/genre/swim/tyubu_kitaku_tyuoku_nishiku_tennojiku_naniwaku/nishiokunaipool/index.html,,,,,,,1,,,,1,1
49,プール,大阪プール,プール,25Mプール無料開放,水泳,25Mプール無料開放,10/9(祝),9:00~20:30,当日会場へ,無料,どなたでも(小学4年生以下は保護者(16歳以上)同伴。また保護者1人につき子ども3人まで),地下鉄「朝潮橋」駅,港区田中3-1-20,電話:06-6571-2010,電話:06-6571-2010,http://osakashi.opas.jp/genre/swim/seibu_minatoku_taisyoku_hukushimaku_konohanaku/osakapool/index.html,,,,,,,1,,1,1,,
50,プール,大阪プール,健康運動教室,筋トレ＆脳トレ(第6会議室),エクササイズ,個人の能力に合わせて筋力トレーニングと脳のトレーニング。,10/9(祝),9:30~10:30,当日受付先着順30名,無料,シニア向け(どなたでも),地下鉄「朝潮橋」駅,港区田中3-1-20,電話:06-6571-2010,電話:06-6571-2010,http://osakashi.opas.jp/genre/swim/seibu_minatoku_taisyoku_hukushimaku_konohanaku/osakapool/index.html,,,,1,,,1,1,,,,
51,プール,西淀川屋内プール,プール,無料開放,水泳,無料開放,10/9(祝),9:00~20:30,当日会場へ,無料,どなたでも(小学4年生以下は保護者(16歳以上)同伴。また保護者1人につき子ども3人まで),阪神なんば線「福」駅,西淀川区大和田2-5-7,電話:06-6474-9940,電話:06-6474-9940,http://osakashi.opas.jp/genre/swim/hokubu_nishiyodogawaku_yodogawaku_higashiyodogawaku/nishiyodo_pool/index.html,,,,,,,1,,1,1,,
52,プール,西淀川屋内プール,プール,アクアビクス,水中エクササイズ,水中で音楽に合わせて楽しく身体を動す運動。,10/9(祝),9:30~10:00,当日受付先着順70名,無料,16歳以上,阪神なんば線「福」駅,西淀川区大和田2-5-7,電話:06-6474-9940,電話:06-6474-9940,http://osakashi.opas.jp/genre/swim/hokubu_nishiyodogawaku_yodogawaku_higashiyodogawaku/nishiyodo_pool/index.html,,,,1,,,1,1,,,,
53,プール,西淀川屋内プール,プール,ウォーターバルーン体験,その他,直径1メートルから2メートルのバルーンの中に入り、歩く体験。,10/9(祝),10:30~11:30,当日受付先着順100名,無料,どなたでも,阪神なんば線「福」駅,西淀川区大和田2-5-7,電話:06-6474-9940,電話:06-6474-9940,http://osakashi.opas.jp/genre/swim/hokubu_nishiyodogawaku_yodogawaku_higashiyodogawaku/nishiyodo_pool/index.html,,,,,1,,1,,,,1,
54,プール,西淀川屋内プール,プール,キッズコーナー,その他,浮島や滑り台で子どもに遊べるコーナー。,10/9(祝),14:00~15:00,当日受付,無料,子ども,阪神なんば線「福」駅,西淀川区大和田2-5-7,電話:06-6474-9940,電話:06-6474-9940,http://osakashi.opas.jp/genre/swim/hokubu_nishiyodogawaku_yodogawaku_higashiyodogawaku/nishiyodo_pool/index.html,,,,,,,,,,1,,
55,プール,西淀川屋内プール,プール,アクアウオーキング,水中エクササイズ,水中を歩く運動。,10/9(祝),18:35~18:55,当日受付先着順20名,無料,16歳以上,阪神なんば線「福」駅,西淀川区大和田2-5-7,電話:06-6474-9940,電話:06-6474-9940,http://osakashi.opas.jp/genre/swim/hokubu_nishiyodogawaku_yodogawaku_higashiyodogawaku/nishiyodo_pool/index.html,,,,1,,,1,1,,,,
56,プール,西淀川屋内プール,スタジオ,ストレッジボール,エクササイズ,円形状のポールを使用してストレッチする運動。,10/9(祝),9:30~9:45,当日受付先着順20名,無料,16歳以上,阪神なんば線「福」駅,西淀川区大和田2-5-7,電話:06-6474-9940,電話:06-6474-9940,http://osakashi.opas.jp/genre/swim/hokubu_nishiyodogawaku_yodogawaku_higashiyodogawaku/nishiyodo_pool/index.html,1,,,1,,,1,,,,,
57,プール,西淀川屋内プール,スタジオ,ズンバゴールド,エアロビクス,ズンバゴールドという名称のエアロビクスの体験。,10/9(祝),10:30~11:15,当日受付先着順20名,無料,16歳以上,阪神なんば線「福」駅,西淀川区大和田2-5-7,電話:06-6474-9940,電話:06-6474-9940,http://osakashi.opas.jp/genre/swim/hokubu_nishiyodogawaku_yodogawaku_higashiyodogawaku/nishiyodo_pool/index.html,,,1,,,,1,,,,1,
58,プール,淀川屋内プール,プール,無料開放,水泳,無料開放,10/9(祝),9:00~19:15,当日受付,無料,どなたでも(小学4年生以下は保護者(16歳以上)同伴。また保護者1人につき子ども3人まで),阪急「十三」駅,淀川区十三東2-3-1,電話:06-6885-1711,電話:06-6885-1711,http://osakashi.opas.jp/genre/swim/hokubu_nishiyodogawaku_yodogawaku_higashiyodogawaku/yodogawa_pool/index.html,,,,,,,1,,1,1,,
59,プール,東淀川屋内プール,プール,無料開放,水泳,無料開放,10/9(祝),9:00~20:30,当日会場へ,無料,どなたでも(小学4年生以下は保護者(16歳以上)同伴。また保護者1人につき子ども3人まで),阪急「淡路」駅,東淀川区東淡路1-4-53,電話:06-6325-5077,電話:06-6325-5077,http://osakashi.opas.jp/genre/swim/hokubu_nishiyodogawaku_yodogawaku_higashiyodogawaku/higashiyodo_pool/index.html,,,,,,,1,,1,1,,
60,プール,東淀川屋内プール,プール,ウォーターバルーン体験,その他,直径1メートルから2メートルのバルーンの中に入り、歩く体験。,10/9(祝),13:30~14:15/14:30~15:15/15:30~16:15,当日会場へ先着順20組,無料,どなたでも,阪急「淡路」駅,東淀川区東淡路1-4-53,電話:06-6325-5077,電話:06-6325-5077,http://osakashi.opas.jp/genre/swim/hokubu_nishiyodogawaku_yodogawaku_higashiyodogawaku/higashiyodo_pool/index.html,,,,,1,,1,,,,1,
61,プール,東淀川屋内プール,プール,ヌードル無料貸し出し,水中エクササイズ,発泡スチロールの棒を使用して行う運動。,10/9(祝),11:30~11:45/12:30~12:45/14:00~14:15/15:00~15:15/16:00~16:15,当日会場へ定員なし,無料,どなたでも,阪急「淡路」駅,東淀川区東淡路1-4-53,電話:06-6325-5077,電話:06-6325-5077,http://osakashi.opas.jp/genre/swim/hokubu_nishiyodogawaku_yodogawaku_higashiyodogawaku/higashiyodo_pool/index.html,,,,1,,,1,1,,,,
62,プール,東淀川屋内プール,スタジオ,体力測定,体力・身体測定,体力測定,10/9(祝),9:30~10:30/14:00~15:00/17:30~18:30,当日会場へ定員なし,無料(施設利用料除く),どなたでも,阪急「淡路」駅,東淀川区東淡路1-4-53,電話:06-6325-5077,電話:06-6325-5077,http://osakashi.opas.jp/genre/swim/hokubu_nishiyodogawaku_yodogawaku_higashiyodogawaku/higashiyodo_pool/index.html,1,1,,,,,1,,,,,
63,プール,生野屋内プール,プール,無料開放,水泳,無料開放,10/9(祝),9:00~20:30,当日会場へ,無料,どなたでも(小学4年生以下は保護者(16歳以上)同伴。また保護者1人につき子ども3人まで),地下鉄・JR「鶴橋」駅,生野区桃谷3-8-18,電話:06-6731-7381,電話:06-6731-7381,http://osakashi.opas.jp/genre/swim/tobu_miyakojimaku_higashinariku_ikunoku_jotoku_tsurumiku/ikunookunaipool/index.html,,,,,,,1,,1,1,,
64,プール,生野屋内プール,スタジオ,ジムでの無料体力測定会,体力・身体測定,ジムでの無料体力測定会,10/9(祝),10:00~20:00(最終受付19:30),当日会場へ,無料,16歳以上,地下鉄・JR「鶴橋」駅,生野区桃谷3-8-18,電話:06-6731-7381,電話:06-6731-7381,http://osakashi.opas.jp/genre/swim/tobu_miyakojimaku_higashinariku_ikunoku_jotoku_tsurumiku/ikunookunaipool/index.html,1,1,,,,,1,,,,,
65,プール,旭屋内プール,プール,無料開放,水泳,無料開放,10/9(祝),9:00~20:30,当日会場へ,無料,どなたでも(小学4年生以下は保護者(16歳以上)同伴。また保護者1人につき子ども3人まで),地下鉄「関目高殿」駅,旭区高殿6-14-6,電話:06-6955-6491,電話:06-6955-6491,http://osakashi.opas.jp/genre/swim/tobu_miyakojimaku_higashinariku_ikunoku_jotoku_tsurumiku/asahiokunaipool/index.html,,,,,,,1,,1,1,,
66,プール,旭屋内プール,プール,アクアエクササイズ,水中エクササイズ,フロートやビート板を使いながらの簡単な水中筋力トレーニング。,10/9(祝),14:00~14:30,当日会場へ先着順20名,無料,どなたでも,地下鉄「関目高殿」駅,旭区高殿6-14-6,電話:06-6955-6491,電話:06-6955-6491,http://osakashi.opas.jp/genre/swim/tobu_miyakojimaku_higashinariku_ikunoku_jotoku_tsurumiku/asahiokunaipool/index.html,,,,1,,,1,1,,,,
67,プール,旭屋内プール,プール,大人水泳体験教室(クロール・背泳ぎ),水泳,基礎練習の体験。,10/9(祝),10:30~11:30,当日会場へ先着順13名,無料,16歳以上,地下鉄「関目高殿」駅,旭区高殿6-14-6,電話:06-6955-6491,電話:06-6955-6491,http://osakashi.opas.jp/genre/swim/tobu_miyakojimaku_higashinariku_ikunoku_jotoku_tsurumiku/asahiokunaipool/index.html,,,,,,,1,1,,,1,
68,プール,旭屋内プール,プール,大人水泳体験教室(バタフライ・平泳ぎ),水泳,基礎練習の体験。,10/9(祝),10:30~11:30,当日会場へ先着順13名,無料,16歳以上,地下鉄「関目高殿」駅,旭区高殿6-14-6,電話:06-6955-6491,電話:06-6955-6491,http://osakashi.opas.jp/genre/swim/tobu_miyakojimaku_higashinariku_ikunoku_jotoku_tsurumiku/asahiokunaipool/index.html,,,,,,,1,1,,,1,
69,プール,城東屋内プール,プール,無料開放,水泳,無料開放,10/9(祝),9:00~20:30,当日会場へ,無料,どなたでも(小学4年生以下は保護者(16歳以上)同伴。また保護者1人につき子ども3人まで),京阪「野江」駅/地下鉄「蒲生四丁目」駅,城東区関目2-17-45,電話:06-4255-0230,電話:06-4255-0230,http://osakashi.opas.jp/genre/swim/tobu_miyakojimaku_higashinariku_ikunoku_jotoku_tsurumiku/jotookunaipool/index.html,,,,,,,1,,1,1,,
70,プール,城東屋内プール,トレーニングルーム,体組成測定会＆かんたんカウンセリング,体力・身体測定,体組成測定器を使用して、自身の「カラダ」を知ってもらい、簡単なカウンセリングを実施。,10/9(祝),9:00~21:00,当日会場へ,無料,16歳以上,京阪「野江」駅/地下鉄「蒲生四丁目」駅,城東区関目2-17-45,電話:06-4255-0230,電話:06-4255-0230,http://osakashi.opas.jp/genre/swim/tobu_miyakojimaku_higashinariku_ikunoku_jotoku_tsurumiku/jotookunaipool/index.html,1,1,,,,,1,,,,,
71,プール,鶴見緑地プール,プール,無料開放,水泳,無料開放,10/9(祝),9:00~18:30,当日会場へ,無料,どなたでも(小学4年生以下は保護者(16歳以上)同伴。また保護者1人につき子ども3人まで),地下鉄「鶴見緑地」駅,鶴見区緑地公園1-37,電話:06-6915-4721,電話:06-6915-4721,http://osakashi.opas.jp/genre/swim/tobu_miyakojimaku_higashinariku_ikunoku_jotoku_tsurumiku/tsurumiryokuchipool/index.html,,,,,,,1,,1,1,,
72,プール,阿倍野屋内プール,プール,無料開放,水泳,無料開放,10/9(祝),9:00~20:30,当日会場へ,無料,どなたでも(小学4年生以下は保護者(16歳以上)同伴。また保護者1人につき子ども3人まで),地下鉄「阿倍野」駅,阿倍野区阿倍野筋3-13-23,電話:06-6636-7290,電話:06-6636-7290,http://osakashi.opas.jp/genre/swim/nambu_abenoku_suminoeku_sumiyoshiku_higashisumiyoshiku_hiranoku_nishinariku/abenookunaipool/index.html,,,,,,,1,,1,1,,
73,プール,阿倍野屋内プール,プール,水中ウォーキング,水中エクササイズ,水中を歩く運動。,10/9(祝),11:00~11:30,事前受付(先着順)H29.10.1受付開始電話・来館20名,無料,中学生以上,地下鉄「阿倍野」駅,阿倍野区阿倍野筋3-13-23,電話:06-6636-7290,電話:06-6636-7290,http://osakashi.opas.jp/genre/swim/nambu_abenoku_suminoeku_sumiyoshiku_higashisumiyoshiku_hiranoku_nishinariku/abenookunaipool/index.html,,,,1,,,1,1,,,,
74,プール,住吉屋内プール,プール,無料開放,水泳,無料開放,10/9(祝),9:00~18:30,当日会場へ,無料,どなたでも(小学4年生以下は保護者(16歳以上)同伴。また保護者1人につき子ども3人まで),地下鉄「あびこ」駅,住吉区浅香1-8-15,電話:06-6694-9201,電話:06-6694-9201,http://osakashi.opas.jp/genre/swim/nambu_abenoku_suminoeku_sumiyoshiku_higashisumiyoshiku_hiranoku_nishinariku/sumiyoship/index.html,,,,,,,1,,1,1,,
75,プール,住吉屋内プール,トレーニングルーム,無理なく全身シェイプアップとコンディショニング,エクササイズ,ラジオ体操、ストレッジ、上半身、下半身をそれぞれ使う運動。,10/9(祝),9:15~10:45/12:30~14:00/15:00~16:35,当日会場へ先着順各回20名,無料(施設利用料は必要),16歳以上,地下鉄「あびこ」駅,住吉区浅香1-8-15,電話:06-6694-9201,電話:06-6694-9201,http://osakashi.opas.jp/genre/swim/nambu_abenoku_suminoeku_sumiyoshiku_higashisumiyoshiku_hiranoku_nishinariku/sumiyoship/index.html,1,,,1,,,1,,,,,
76,プール,長居プール,プール,無料開放,水泳,無料開放,10/9(祝),9:00~20:30,当日会場へ,無料,どなたでも(小学4年生以下は保護者(16歳以上)同伴。また保護者1人につき子ども3人まで),地下鉄「長居」駅,東住吉区長居公園1-1,電話:06-6609-1580,電話:06-6609-1580,http://osakashi.opas.jp/genre/swim/nambu_abenoku_suminoeku_sumiyoshiku_higashisumiyoshiku_hiranoku_nishinariku/pool/index.html,,,,,,,1,,1,1,,
77,プール,長居プール,プールエントランス,クライミングジム体験登録会,その他,クライミングのルールや使い方、楽しみ方の説明。グループにわかれて、クライミングを体験。,10/9(祝),10:00~12:00,事前(電話・来館)先着順15名,1000円,小学生以上※小・中学生は保護者同伴必要,地下鉄「長居」駅,東住吉区長居公園1-1,電話:06-6609-1580,電話:06-6609-1580,http://osakashi.opas.jp/genre/swim/nambu_abenoku_suminoeku_sumiyoshiku_higashisumiyoshiku_hiranoku_nishinariku/pool/index.html,,,,,1,,1,,1,1,1,
78,スポーツセンター,北スポーツセンター,,バドミントン・卓球開放,バドミントン,バドミントン開放(第1体育場)卓球開放(第2体育場),10/9(祝),9:15~11:00/11:15~13:00/13:15~15:00/15:15~17:00,当日受付,無料,どなたでも,阪急・地下鉄「中津」駅,北区中津3-4-27,電話:06-6359-0700,電話:06-6359-0700,http://osakashi.opas.jp/genre/Table_tennis/tyubu_kitaku_tyuoku_nishiku_tennojiku_naniwaku/kita_spocen/index.html,,,,,,1,1,1,,,,
79,スポーツセンター,北スポーツセンター,,バドミントン・卓球開放,卓球,バドミントン開放(第1体育場)卓球開放(第2体育場),10/9(祝),9:15~11:00/11:15~13:00/13:15~15:00/15:15~17:00,当日受付,無料,どなたでも,阪急・地下鉄「中津」駅,北区中津3-4-27,電話:06-6359-0700,電話:06-6359-0700,http://osakashi.opas.jp/genre/Table_tennis/tyubu_kitaku_tyuoku_nishiku_tennojiku_naniwaku/kita_spocen/index.html,,,,,,1,1,1,,,,
80,スポーツセンター,北スポーツセンター,,健康体操,体操,イスを使った簡単な運動(多目的室),10/9(祝),10:00~10:45,当日受付先着15名,無料,16歳以上,阪急・地下鉄「中津」駅,北区中津3-4-27,電話:06-6359-0700,電話:06-6359-0700,http://osakashi.opas.jp/genre/Table_tennis/tyubu_kitaku_tyuoku_nishiku_tennojiku_naniwaku/kita_spocen/index.html,1,,,,,,1,1,,,,
81,スポーツセンター,北スポーツセンター,,リズムエアロ＆ストレッチ,エクササイズ,音楽に合わせて体を動かす運動とにストレッチ(多目的室),10/9(祝),13:30~14:30,当日受付先着15名,無料,16歳以上,阪急・地下鉄「中津」駅,北区中津3-4-27,電話:06-6359-0700,電話:06-6359-0700,http://osakashi.opas.jp/genre/Table_tennis/tyubu_kitaku_tyuoku_nishiku_tennojiku_naniwaku/kita_spocen/index.html,1,,,1,,,1,,,,,
82,スポーツセンター,都島スポーツセンター,,体力測定とニュースポーツ・障がい者スポーツ体験,体力・身体測定,・体力測定(握力、上体起こし、垂直とび他・ニュースポーツ体験(スリーアイズ、ドッヂビー他),10/9(祝),10:00~15:00,当日受付,無料,どなたでも,地下鉄「都島」駅,都島区中野町5-15-21,電話:06-6927-9124,都島区スポーツ推進委員協議会電話:090-3702-2923,http://osakashi.opas.jp/genre/Table_tennis/tobu_miyakojimaku_higashinariku_ikunoku_jotoku_tsurumiku/miyakojimasportscenter/index.html,1,1,,,,,1,,,,1,
83,スポーツセンター,都島スポーツセンター,,体力測定とニュースポーツ・障がい者スポーツ体験,ニュースポーツ,・体力測定(握力、上体起こし、垂直とび他・ニュースポーツ体験(スリーアイズ、ドッヂビー他),10/9(祝),10:00~15:00,当日受付,無料,どなたでも,地下鉄「都島」駅,都島区中野町5-15-21,電話:06-6927-9124,都島区スポーツ推進委員協議会電話:090-3702-2923,http://osakashi.opas.jp/genre/Table_tennis/tobu_miyakojimaku_higashinariku_ikunoku_jotoku_tsurumiku/miyakojimasportscenter/index.html,,,,,1,1,1,,,,1,
84,スポーツセンター,都島スポーツセンター,,卓球開放DAY,卓球,卓球開放(第2体育場),10/9(祝),10:00~11:30/11:40~13:10/13:20~14:50/15:00~16:30/16:40~18:10,当日受付,無料,どなたでも,地下鉄「都島」駅,都島区中野町5-15-21,電話:06-6927-9124,都島スポーツセンター電話:06-6927-9124,http://osakashi.opas.jp/genre/Table_tennis/tobu_miyakojimaku_higashinariku_ikunoku_jotoku_tsurumiku/miyakojimasportscenter/index.html,,,,,,1,1,1,,,,
85,スポーツセンター,都島スポーツセンター,,フットサル開放DAY,サッカー・フットサル,フットサル開放(第1体育場),10/9(祝),16:00~18:00/18:00~20:00,,無料,,地下鉄「都島」駅,都島区中野町5-15-21,電話:06-6927-9124,都島スポーツセンター電話:06-6927-9124,http://osakashi.opas.jp/genre/Table_tennis/tobu_miyakojimaku_higashinariku_ikunoku_jotoku_tsurumiku/miyakojimasportscenter/index.html,,,,,,1,1,,,,,
86,スポーツセンター,福島スポーツセンター,,ソフトバレーボール・卓球無料開放,ニュースポーツ,ソフトバレーボール無料開放卓球無料開放,10/9(祝),10:00~14:00,当日受付・先着順,無料,どなたでも,地下鉄「野田阪神」駅,福島区吉野3-17-23,電話:06-6468-0450,福島区コミュニティ協会電話:06-6468-1771,http://osakashi.opas.jp/genre/Table_tennis/seibu_minatoku_taisyoku_hukushimaku_konohanaku/fukushimasprotscenter/index.html,,,,,1,1,1,,,,,
87,スポーツセンター,福島スポーツセンター,,ソフトバレーボール・卓球無料開放,卓球,ソフトバレーボール無料開放卓球無料開放,10/9(祝),10:00~14:00,当日受付・先着順,無料,どなたでも,地下鉄「野田阪神」駅,福島区吉野3-17-23,電話:06-6468-0450,福島区コミュニティ協会電話:06-6468-1771,http://osakashi.opas.jp/genre/Table_tennis/seibu_minatoku_taisyoku_hukushimaku_konohanaku/fukushimasprotscenter/index.html,,,,,,1,1,1,,,,
88,スポーツセンター,福島スポーツセンター,,バドミントン・卓球開放DAY,バドミントン,バドミントン、卓球開放,10/9(祝),15:30~17:00/17:00~18:30,,無料,,地下鉄「野田阪神」駅,福島区吉野3-17-23,電話:06-6468-0450,福島スポーツセンター電話:06-6468-0450,http://osakashi.opas.jp/genre/Table_tennis/seibu_minatoku_taisyoku_hukushimaku_konohanaku/fukushimasprotscenter/index.html,,,,,,1,1,1,,,,
89,スポーツセンター,福島スポーツセンター,,バドミントン・卓球開放DAY,卓球,バドミントン、卓球開放,10/9(祝),15:30~17:00/17:00~18:30,,無料,,地下鉄「野田阪神」駅,福島区吉野3-17-23,電話:06-6468-0450,福島スポーツセンター電話:06-6468-0450,http://osakashi.opas.jp/genre/Table_tennis/seibu_minatoku_taisyoku_hukushimaku_konohanaku/fukushimasprotscenter/index.html,,,,,,1,1,1,,,,
90,スポーツセンター,福島区民センター,,体力測定,体力・身体測定,体力測定,10/9(祝),10:00~14:00,当日受付・先着順,無料,どなたでも,地下鉄「野田阪神」駅,福島区吉野3-17-23,電話:06-6468-1771,福島区コミュニティ協会電話:06-6468-1771,,1,1,,,,,1,,,,,
91,スポーツセンター,此花スポーツセンター,,バドミントン・卓球開放,バドミントン,バドミントン開放(第1体育場)卓球開放(第2体育場),10/9(祝),9:30~/11:30~13:30~/15:30~/17:30~,当日受付・先着順,無料,どなたでも,JR・阪神「西九条」駅,此花区西九条6-1-27,電話:06-6465-5800,フィットネス21此花スポーツセンター電話:06-6465-5800,http://osakashi.opas.jp/genre/Table_tennis/seibu_minatoku_taisyoku_hukushimaku_konohanaku/konohanasportscenter/index.html,,,,,,1,1,1,,,,
92,スポーツセンター,此花スポーツセンター,,バドミントン・卓球開放,卓球,バドミントン開放(第1体育場)卓球開放(第2体育場),10/9(祝),9:30~/11:30~13:30~/15:30~/17:30~,当日受付・先着順,無料,どなたでも,JR・阪神「西九条」駅,此花区西九条6-1-27,電話:06-6465-5800,フィットネス21此花スポーツセンター電話:06-6465-5800,http://osakashi.opas.jp/genre/Table_tennis/seibu_minatoku_taisyoku_hukushimaku_konohanaku/konohanasportscenter/index.html,,,,,,1,1,1,,,,
93,スポーツセンター,此花スポーツセンター,,血管年齢測定,体力・身体測定,指先で血管年齢の測定(講師控室),10/9(祝),10:00~12:00,,無料,20歳以上,JR・阪神「西九条」駅,此花区西九条6-1-27,電話:06-6465-5800,フィットネス21此花スポーツセンター電話:06-6465-5800,http://osakashi.opas.jp/genre/Table_tennis/seibu_minatoku_taisyoku_hukushimaku_konohanaku/konohanasportscenter/index.html,1,1,,,,,1,,,,,
94,スポーツセンター,中央スポーツセンター,,硬式テニス施設開放,テニス,硬式テニス開放(第1体育場)※硬式テニスはテニスコート1面とサブスペースにて時間交代制でフリー利用(ラケット・ボールのレンタル有)※体育館シューズ着用,10/9(祝),9:30~10:50/11:00~12:20/12:30~13:50/14:00~15:20/15:30~16:50/17:00~18:20,当日受付・先着順(各開始時間の30分前より受付開始),無料,どなたでも(15歳以下は保護者同伴),地下鉄「長堀橋」駅,中央区島之内2-12-31,電話:06-6211-2010,中央スポーツセンター電話:06-6211-2010,http://osakashi.opas.jp/genre/Table_tennis/tyubu_kitaku_tyuoku_nishiku_tennojiku_naniwaku/tyuuou_spocen/index.html,,,,,,,1,1,1,,,
95,スポーツセンター,中央スポーツセンター,,卓球施設開放,卓球,卓球開放(第2体育場)※卓球は時間内グループにてフリー利用(ラケット・ボールのレンタル有)※体育館シューズ着用,10/9(祝),13:30~14:50/15:00~16:20/16:30~17:50,当日受付・先着順(各開始時間の30分前より受付開始),無料,どなたでも(15歳以下は保護者同伴),地下鉄「長堀橋」駅,中央区島之内2-12-31,電話:06-6211-2010,中央スポーツセンター電話:06-6211-2010,http://osakashi.opas.jp/genre/Table_tennis/tyubu_kitaku_tyuoku_nishiku_tennojiku_naniwaku/tyuuou_spocen/index.html,,,,,,,1,1,1,,,
96,スポーツセンター,中央スポーツセンター,,リラックスヨガ,ヨガ,やさしいヨガ(第2体育場),10/9(祝),9:30~10:30,当日受付・先着順,無料,16歳以上,地下鉄「長堀橋」駅,中央区島之内2-12-31,電話:06-6211-2010,中央スポーツセンター電話:06-6211-2010,http://osakashi.opas.jp/genre/Table_tennis/tyubu_kitaku_tyuoku_nishiku_tennojiku_naniwaku/tyuuou_spocen/index.html,,,,1,,,1,1,,,,
97,スポーツセンター,中央スポーツセンター,,さわやか健康体操,体操,ストレッチやリズム体操(第2体育場),10/9(祝),10:45~11:30,当日受付・先着順,無料,16歳以上,地下鉄「長堀橋」駅,中央区島之内2-12-31,電話:06-6211-2010,中央スポーツセンター電話:06-6211-2010,http://osakashi.opas.jp/genre/Table_tennis/tyubu_kitaku_tyuoku_nishiku_tennojiku_naniwaku/tyuuou_spocen/index.html,1,,,,,,1,1,,,,
98,スポーツセンター,中央スポーツセンター,,キッズダンス,エクササイズ,ダンスの体験,10/9(祝),12:00~13:00,当日受付・先着順,無料,小学生・中学生,地下鉄「長堀橋」駅,中央区島之内2-12-31,電話:06-6211-2010,中央スポーツセンター電話:06-6211-2010,http://osakashi.opas.jp/genre/Table_tennis/tyubu_kitaku_tyuoku_nishiku_tennojiku_naniwaku/tyuuou_spocen/index.html,,,,1,,,1,,,1,1,
99,スポーツセンター,西スポーツセンター,,バドミントン開放DAY,バドミントン,バドミントン開放(第1体育場),10/9(祝),9:30~/11:00~/12:30~/14:00~/15:30~/17:00~/18:30~,当日受付先着順(各回6団体),無料,どなたでも,地下鉄「阿波座」駅,西区立売堀4-10-18,電話:06-6538-3413,西スポーツセンター電話:06-6538-3413,http://osakashi.opas.jp/genre/Table_tennis/tyubu_kitaku_tyuoku_nishiku_tennojiku_naniwaku/nishisportscenter/index.html,,,,,,1,1,1,,,,
100,スポーツセンター,西スポーツセンター,,卓球開放DAY,卓球,卓球開放(第2体育場),10/9(祝),14:00~/15:30~/17:00~/18:30~,当日受付先着順(各回6団体),無料,,地下鉄「阿波座」駅,西区立売堀4-10-18,電話:06-6538-3413,西スポーツセンター電話:06-6538-3413,http://osakashi.opas.jp/genre/Table_tennis/tyubu_kitaku_tyuoku_nishiku_tennojiku_naniwaku/nishisportscenter/index.html,,,,,,1,1,1,,,,
101,スポーツセンター,西スポーツセンター,,親子体操教室体験会,体操,リズム体操、サーキットトレーニングを親子で体験(第2体育場),10/9(祝),9:30~10:45,当日受付先着順(定員30組),無料,1歳から5歳のお子様と保護者,地下鉄「阿波座」駅,西区立売堀4-10-18,電話:06-6538-3413,西スポーツセンター電話:06-6538-3413,http://osakashi.opas.jp/genre/Table_tennis/tyubu_kitaku_tyuoku_nishiku_tennojiku_naniwaku/nishisportscenter/index.html,,,,,,,,,1,1,1,
102,スポーツセンター,西スポーツセンター,,太極拳教室体験会,エクササイズ,太極拳とリズムを組み合わせた健康体操(多目的室),10/9(祝),,当日受付先着順(定員30名),無料,16歳以上,地下鉄「阿波座」駅,西区立売堀4-10-18,電話:06-6538-3413,西スポーツセンター電話:06-6538-3413,http://osakashi.opas.jp/genre/Table_tennis/tyubu_kitaku_tyuoku_nishiku_tennojiku_naniwaku/nishisportscenter/index.html,,,,1,,,1,,,,1,
103,スポーツセンター,西スポーツセンター,,コアダンス教室体験会,エクササイズ,基本のステップのダンス体験(第2体育場),10/9(祝),11:00~12:00,当日受付先着順(定員20名),無料,,地下鉄「阿波座」駅,西区立売堀4-10-18,電話:06-6538-3413,西スポーツセンター電話:06-6538-3413,http://osakashi.opas.jp/genre/Table_tennis/tyubu_kitaku_tyuoku_nishiku_tennojiku_naniwaku/nishisportscenter/index.html,,,,1,,,1,,,,1,
104,スポーツセンター,西スポーツセンター,,ヨガ教室体験会,ヨガ,ストレッチの要素も取り入れ、程よく筋肉を刺激し、代謝をアップさせる運動(多目的室),10/9(祝),,当日受付先着順(定員20名),無料,,地下鉄「阿波座」駅,西区立売堀4-10-18,電話:06-6538-3413,西スポーツセンター電話:06-6538-3413,http://osakashi.opas.jp/genre/Table_tennis/tyubu_kitaku_tyuoku_nishiku_tennojiku_naniwaku/nishisportscenter/index.html,,,,1,,,1,1,,,1,
105,スポーツセンター,西スポーツセンター,,レクリエーションイベント,ニュースポーツ,ユニカール、クロリティ、シャッフルボードのニュースポーツを体験(多目的室),10/9(祝),14:00~17:00,当日受付,無料,どなたでも(小学生未満の方は保護者同伴),地下鉄「阿波座」駅,西区立売堀4-10-18,電話:06-6538-3413,西スポーツセンター電話:06-6538-3413,http://osakashi.opas.jp/genre/Table_tennis/tyubu_kitaku_tyuoku_nishiku_tennojiku_naniwaku/nishisportscenter/index.html,,,,,1,1,1,,1,1,1,
106,スポーツセンター,港スポーツセンター,,バドミントン・卓球開放,バドミントン,バドミントン・卓球開放,10/9(祝),10:30~12:00/12:30~14:00/14:30~16:00/16:30~18:00,当日受付先着順,無料,どなたでも,地下鉄「朝潮橋」駅,港区田中3-1-128,電話:06-6576-4081,港スポーツセンター電話:06-6576-4081,http://osakashi.opas.jp/chikubetu/seibu/minato/minatosportscenter/index.html,,,,,,1,1,1,,,,
107,スポーツセンター,港スポーツセンター,,バドミントン・卓球開放,卓球,バドミントン・卓球開放,10/9(祝),10:30~12:00/12:30~14:00/14:30~16:00/16:30~18:00,当日受付先着順,無料,どなたでも,地下鉄「朝潮橋」駅,港区田中3-1-128,電話:06-6576-4081,港スポーツセンター電話:06-6576-4081,http://osakashi.opas.jp/chikubetu/seibu/minato/minatosportscenter/index.html,,,,,,1,1,1,,,,
108,スポーツセンター,港スポーツセンター,,ストレッチルーム開放,その他,ストレッチルーム開放,10/9(祝),10:30~18:00,当日受付,無料,どなたでも,地下鉄「朝潮橋」駅,港区田中3-1-128,電話:06-6576-4081,港スポーツセンター電話:06-6576-4081,http://osakashi.opas.jp/chikubetu/seibu/minato/minatosportscenter/index.html,,,,1,,,1,1,,,,
109,スポーツセンター,大正スポーツセンター,,バドミントン＆卓球開放,バドミントン,バドミントン開放卓球開放,10/9(祝),10:00~16:00,当日受付先着順,無料,どなたでも,市バス「小林」バス停,大正区小林東3-3-25,電話:06-6555-8402,大正スポーツセンター電話:06-6555-8402,http://osakashi.opas.jp/genre/Table_tennis/seibu_minatoku_taisyoku_hukushimaku_konohanaku/taishosportscenter/index.html,,,,,,1,1,1,,,,
110,スポーツセンター,大正スポーツセンター,,バドミントン＆卓球開放,卓球,バドミントン開放卓球開放,10/9(祝),10:00~16:00,当日受付先着順,無料,どなたでも,市バス「小林」バス停,大正区小林東3-3-25,電話:06-6555-8402,大正スポーツセンター電話:06-6555-8402,http://osakashi.opas.jp/genre/Table_tennis/seibu_minatoku_taisyoku_hukushimaku_konohanaku/taishosportscenter/index.html,,,,,,1,1,1,,,,
111,スポーツセンター,アゼリア大正,,ニュースポーツ体験,ニュースポーツ,スリータッチソフトバレーボールストラックアウトフロアーカーリングドッヂビー,10/9(祝),10:00~12:00/13:00~15:00,当日受付,無料,どなたでも,市バス「小林」バス停,大正区小林東3-3-25,電話:06-6552-9713,大正スポーツセンター電話:06-6555-8402,,,,,,1,1,1,,,,1,
112,スポーツセンター,大正屋内プール,,無料開放,水泳,無料開放,10/9(祝),9:00~20:30,当日会場へ,無料,どなたでも(小学4年生以下は保護者(16歳以上)同伴。また保護者1人につき子ども3人まで),市バス「小林」バス停,大正区小林東3-3-25,電話:06-6555-8950,大正屋内プール電話:06-6555-8950,http://osakashi.opas.jp/genre/swim/seibu_minatoku_taisyoku_hukushimaku_konohanaku/taishookunaipool/index.html,,,,,,,1,,1,1,,
113,スポーツセンター,天王寺スポーツセンター,,少年少女卓球教室,卓球,午前:ピン球遊び、基本的打法練習午後:実践ゲーム形式練習,10/9(祝),10:00~16:00,事前(往復はがき)・先着順(9/29締切)200名,無料,市内在住・在学の小中学生(小学生は保護者同伴),地下鉄・JR「玉造」駅,天王寺区真田山町5-109,電話:06-6765-0043,NPO法人大阪卓球協会電話:06-6636-0801,http://osakashi.opas.jp/genre/Table_tennis/tyubu_kitaku_tyuoku_nishiku_tennojiku_naniwaku/tennoji_sportscenter/index.html,,,,,,,1,1,1,1,,
114,スポーツセンター,天王寺スポーツセンター,,バドミントン開放,バドミントン,バドミントン開放,10/9(祝),10:00~11:45/13:00~14:45/15:00~16:45,当日受付,無料,どなたでも,地下鉄・JR「玉造」駅,天王寺区真田山町5-109,電話:06-6765-0043,天王寺スポーツセンター電話:06-6765-0043,http://osakashi.opas.jp/genre/Table_tennis/tyubu_kitaku_tyuoku_nishiku_tennojiku_naniwaku/tennoji_sportscenter/index.html,,,,,,1,1,1,,,,
115,スポーツセンター,真田山プール,,無料開放,水泳,無料開放,10/9(祝),9:00~20:30,当日会場へ,無料,どなたでも(小学4年生以下は保護者(16歳以上)同伴。また保護者1人につき子ども3人まで),地下鉄・JR「玉造」駅,天王寺区真田山町5-109,電話:06-6765-0176,真田山プール電話:06-6765-0176,http://osakashi.opas.jp/genre/swim/tyubu_kitaku_tyuoku_nishiku_tennojiku_naniwaku/sanadayama_pool/index.html,,,,,,,1,,1,1,,
116,スポーツセンター,浪速スポーツセンター,,バトントワーリング体験教室,その他,バトントワーリングの体験練習の見学も可能,10/9(祝),10:00~17:00,当日受付,無料,どなたでも,地下鉄「なんば」駅,浪速区難波中3-8-8,電話:06-6643-6444,大阪バトン協会電話:06-6765-3131,http://osakashi.opas.jp/genre/Table_tennis/tyubu_kitaku_tyuoku_nishiku_tennojiku_naniwaku/naniwa_spocen/index.html,,,,,,,1,,,,1,1
117,スポーツセンター,浪速スポーツセンター,,体力測定会,体力・身体測定,体力測定会,10/9(祝),10:00~16:00,当日受付,無料,どなたでも,地下鉄「なんば」駅,浪速区難波中3-8-8,電話:06-6643-6444,浪速スポーツセンター電話:06-6643-6444,http://osakashi.opas.jp/genre/Table_tennis/tyubu_kitaku_tyuoku_nishiku_tennojiku_naniwaku/naniwa_spocen/index.html,1,1,,,,,1,,,,,
118,スポーツセンター,浪速屋内プール,,無料開放,水泳,無料開放,10/9(祝),9:00~20:30,当日会場へ,無料,どなたでも(小学4年生以下は保護者(16歳以上)同伴。また保護者1人につき子ども3人まで),地下鉄「なんば」駅,浪速区難波中3-8-8,電話:06-6643-6444,浪速スポーツセンター電話:06-6643-6444,http://osakashi.opas.jp/genre/swim/tyubu_kitaku_tyuoku_nishiku_tennojiku_naniwaku/naniwa_pool/index.html,,,,,,,1,,1,1,,
119,スポーツセンター,浪速屋内プール,,水泳記録会,水泳,25ｍ、50ｍ、100ｍタイムトライアル。,10/9(祝),12:30~13:30,当日受付・先着順,無料,どなたでも,地下鉄「なんば」駅,浪速区難波中3-8-8,電話:06-6643-6444,浪速スポーツセンター電話:06-6643-6444,http://osakashi.opas.jp/genre/swim/tyubu_kitaku_tyuoku_nishiku_tennojiku_naniwaku/naniwa_pool/index.html,,,1,,,,1,1,,,,
120,スポーツセンター,浪速屋内プール,,ウキウキアクアウォーク,水中エクササイズ,水中を歩く運動。,10/9(祝),11:00~11:30,,無料,,地下鉄「なんば」駅,浪速区難波中3-8-8,電話:06-6643-6444,浪速スポーツセンター電話:06-6643-6444,http://osakashi.opas.jp/genre/swim/tyubu_kitaku_tyuoku_nishiku_tennojiku_naniwaku/naniwa_pool/index.html,,,,1,,,1,1,,,,
121,スポーツセンター,浪速屋内プール,,楽しいアクアビクス,水中エクササイズ,水中で音楽に合わせて楽しく身体を動す運動。,10/9(祝),11:45~12:15,,無料,,地下鉄「なんば」駅,浪速区難波中3-8-8,電話:06-6643-6444,浪速スポーツセンター電話:06-6643-6444,http://osakashi.opas.jp/genre/swim/tyubu_kitaku_tyuoku_nishiku_tennojiku_naniwaku/naniwa_pool/index.html,,,,1,,,1,1,,,,
122,スポーツセンター,浪速スケートリンク,,無料開放※貸靴は有料,その他,無料開放※貸靴は有料,10/9(祝),10:00~19:00,当日会場へ,無料,どなたでも,地下鉄「なんば」駅,浪速区難波中3-8-8,電話:06-6643-6444,浪速スケートリンク電話:06-6643-6448,http://osakashi.opas.jp/genre/Table_tennis/tyubu_kitaku_tyuoku_nishiku_tennojiku_naniwaku/naniwa_spocen/index.html,,,,1,,,1,1,,,,
123,スポーツセンター,西淀川スポーツセンター,,卓球・バドミントン開放,卓球,卓球・バドミントン開放,10/9(祝),9:30~12:00/12:45~15:00/15:15~17:30,当日受付,無料,どなたでも,JR「御幣島」駅,西淀川区野里2-10-35,電話:06-6472-9200,西淀川スポーツセンター電話:06-6472-9200,http://osakashi.opas.jp/genre/Table_tennis/hokubu_nishiyodogawaku_yodogawaku_higashiyodogawaku/nishiyodo_spocen/index.html,,,,,,1,1,1,,,,
124,スポーツセンター,西淀川スポーツセンター,,卓球・バドミントン開放,バドミントン,卓球・バドミントン開放,10/9(祝),9:30~12:00/12:45~15:00/15:15~17:30,当日受付,無料,どなたでも,JR「御幣島」駅,西淀川区野里2-10-35,電話:06-6472-9200,西淀川スポーツセンター電話:06-6472-9200,http://osakashi.opas.jp/genre/Table_tennis/hokubu_nishiyodogawaku_yodogawaku_higashiyodogawaku/nishiyodo_spocen/index.html,,,,,,1,1,1,,,,
125,スポーツセンター,西淀川スポーツセンター,,硬式テニス開放,テニス,硬式テニス開放,10/9(祝),18:00~20:15,,無料,どなたでも,JR「御幣島」駅,西淀川区野里2-10-35,電話:06-6472-9200,西淀川スポーツセンター電話:06-6472-9200,http://osakashi.opas.jp/genre/Table_tennis/hokubu_nishiyodogawaku_yodogawaku_higashiyodogawaku/nishiyodo_spocen/index.html,,,,,,1,1,1,,,,
126,スポーツセンター,淀川スポーツセンター,,心肺蘇生で助かる命をたすけよう！,その他,淀川消防署救急隊による指導救急入門コース胸部圧迫とAEDの使用を学ぶスポーツに伴うケガの応急処置,10/9(祝),10:30~12:20,当日受付・先着順,無料,小学4年生以上,地下鉄・JR「新大阪」駅,淀川区西宮原2-1-3,電話:06-6350-4555,淀川スポーツセンター電話:06-6350-4555,http://osakashi.opas.jp/genre/Table_tennis/hokubu_nishiyodogawaku_yodogawaku_higashiyodogawaku/spocen/index.html,,,,,,,1,,,,1,1
127,スポーツセンター,淀川スポーツセンター,,キッズプレイルーム,その他,ボールやフープで遊ぶ(第2体育場),10/9(祝),14:00~16:10,なし,無料,幼児~小学校低学年,地下鉄・JR「新大阪」駅,淀川区西宮原2-1-3,電話:06-6350-4555,淀川スポーツセンター電話:06-6350-4555,http://osakashi.opas.jp/genre/Table_tennis/hokubu_nishiyodogawaku_yodogawaku_higashiyodogawaku/spocen/index.html,,,,,,,1,,,1,,
128,スポーツセンター,淀川スポーツセンター,,バドミントン開放,バドミントン,左記記載(第1体育場),10/9(祝),9:00~10:30/10:40~12:10/13:30~15:00/15:10~16:40/3回(90分各回入れ替え制),当日受付・先着順,無料,どなたでも,地下鉄・JR「新大阪」駅,淀川区西宮原2-1-3,電話:06-6350-4555,淀川スポーツセンター電話:06-6350-4555,http://osakashi.opas.jp/genre/Table_tennis/hokubu_nishiyodogawaku_yodogawaku_higashiyodogawaku/spocen/index.html,,,,,,1,1,1,,,,
129,スポーツセンター,淀川スポーツセンター,,卓球開放,卓球,左記記載(第2体育場),10/9(祝),9:00~10:30/10:40~12:10/2回(90分各回入れ替え制),当日受付・先着順,無料,どなたでも,地下鉄・JR「新大阪」駅,淀川区西宮原2-1-3,電話:06-6350-4555,淀川スポーツセンター電話:06-6350-4555,http://osakashi.opas.jp/genre/Table_tennis/hokubu_nishiyodogawaku_yodogawaku_higashiyodogawaku/spocen/index.html,,,,,,1,1,1,,,,
130,スポーツセンター,淀川スポーツセンター,,チャレンジ！逆上がり大作戦,その他,逆上がりの指導(第2体育場),10/9(祝),14:00~15:00/15:10~16:10,当日受付(開始時間30分前受付開始)先着順1回50名,無料,小学生以上,地下鉄・JR「新大阪」駅,淀川区西宮原2-1-3,電話:06-6350-4555,淀川スポーツセンター電話:06-6350-4555,http://osakashi.opas.jp/genre/Table_tennis/hokubu_nishiyodogawaku_yodogawaku_higashiyodogawaku/spocen/index.html,,,,,,,1,,,1,,
131,スポーツセンター,東淀川スポーツセンター,,バドミントン・卓球開放,卓球,バドミントン(第1体育場)卓球(第2体育場),10/9(祝),10:00~11:45/12:00~13:45/14:00~15:45/16:00~17:45/18:00~19:45,事前(電話・来館)・先着順1ヶ月前より受付開始,無料,どなたでも,阪急「淡路」駅,東淀川区東淡路1-4-21,電話:06-6321-7182,東淀川スポーツセンター電話:06-6321-7182,http://osakashi.opas.jp/genre/Table_tennis/hokubu_nishiyodogawaku_yodogawaku_higashiyodogawaku/higashiyodo_spocen/index.html,,,,,,1,1,1,,,,
132,スポーツセンター,東淀川スポーツセンター,,バドミントン・卓球開放,バドミントン,バドミントン(第1体育場)卓球(第2体育場),10/9(祝),10:00~11:45/12:00~13:45/14:00~15:45/16:00~17:45/18:00~19:45,事前(電話・来館)・先着順1ヶ月前より受付開始,無料,どなたでも,阪急「淡路」駅,東淀川区東淡路1-4-21,電話:06-6321-7182,東淀川スポーツセンター電話:06-6321-7182,http://osakashi.opas.jp/genre/Table_tennis/hokubu_nishiyodogawaku_yodogawaku_higashiyodogawaku/higashiyodo_spocen/index.html,,,,,,1,1,1,,,,
133,スポーツセンター,東淀川スポーツセンター,,キッズ体験教室,その他,1空手教室2逆上がりチャレンジ(10名)3マットチャレンジ4跳び箱チャレンジ,10/9(祝),1.10:00~12:00/2.13:00~14:00/3.14:15~15:15/4.15:30~16:30,,無料,15歳以上2年長~小23年長~小24年長~小2,阪急「淡路」駅,東淀川区東淡路1-4-21,電話:06-6321-7182,東淀川スポーツセンター電話:06-6321-7182,http://osakashi.opas.jp/genre/Table_tennis/hokubu_nishiyodogawaku_yodogawaku_higashiyodogawaku/higashiyodo_spocen/index.html,,,,,,,,,,1,1,1
134,スポーツセンター,東淀川スポーツセンター,,キッズ体験教室,その他,1空手教室2逆上がりチャレンジ(10名)3マットチャレンジ4跳び箱チャレンジ,10/9(祝),1.10:00~12:00/2.13:00~14:00/3.14:15~15:15/4.15:30~16:30,,無料,15歳以上2年長~小23年長~小24年長~小2,阪急「淡路」駅,東淀川区東淡路1-4-21,電話:06-6321-7182,東淀川スポーツセンター電話:06-6321-7182,http://osakashi.opas.jp/genre/Table_tennis/hokubu_nishiyodogawaku_yodogawaku_higashiyodogawaku/higashiyodo_spocen/index.html,,,,,,,,,,1,1,1
135,スポーツセンター,東成スポーツセンター,,ニュースポーツ体験,ニュースポーツ,ソフトバレーボール/ソフトテニス/シャッフルボード/ボッチャ/クロリティ/フライングディスク/フリーグロー/卓球,10/9(祝),10:00~15:00,当日受付,無料,どなたでも,地下鉄「緑橋」駅,東成区東中本2-11-30,電話:06-6973-5166,東成区スポーツ推進委員協議会電話:080-5305-2907,http://osakashi.opas.jp/genre/Table_tennis/tobu_miyakojimaku_higashinariku_ikunoku_jotoku_tsurumiku/higashinarisuportscenter/index.html,,,,,1,1,1,,,,1,
136,スポーツセンター,東成スポーツセンター,,ニュースポーツ体験,卓球,ソフトバレーボール/ソフトテニス/シャッフルボード/ボッチャ/クロリティ/フライングディスク/フリーグロー/卓球,10/9(祝),10:00~15:00,当日受付,無料,どなたでも,地下鉄「緑橋」駅,東成区東中本2-11-30,電話:06-6973-5166,東成区スポーツ推進委員協議会電話:080-5305-2907,http://osakashi.opas.jp/genre/Table_tennis/tobu_miyakojimaku_higashinariku_ikunoku_jotoku_tsurumiku/higashinarisuportscenter/index.html,,,,,,,1,1,,,1,
137,スポーツセンター,東成スポーツセンター,,コアトレーニング＆アロマストレッチ体験,エクササイズ,1体幹とメタボ解消のプログラム。2アロマストレッチアロマの香りと音楽、体もほぐれるストレッチ,10/9(祝),1.13:00~13:30/2.13:30~14:00,当日受付先着順20名,無料,どなたでも,地下鉄「緑橋」駅,東成区東中本2-11-30,電話:06-6973-5166,東成スポーツセンター電話:06-6973-5166,http://osakashi.opas.jp/genre/Table_tennis/tobu_miyakojimaku_higashinariku_ikunoku_jotoku_tsurumiku/higashinarisuportscenter/index.html,,,,1,,,1,,,,1,
138,スポーツセンター,生野スポーツセンター,,卓球・バトミントンの開放,卓球,バドミントン(第1体育場)卓球(第2体育場),10/9(祝),10:00~11:30/12:30~14:00/15:00~16:30/17:30~19:00,当日受付・抽選(各回開始20分前から受付、5分前受付終了),無料※申込人数により変更有,小学生以下は保護者同伴必要。1人申込不可、必ず2人申込の事。,市バス「大池橋」バス停,生野区巽西1-1-3,電話:06-6758-4500,生野スポーツセンター電話:06-6758-4500,http://osakashi.opas.jp/genre/Table_tennis/tobu_miyakojimaku_higashinariku_ikunoku_jotoku_tsurumiku/ikunosportscenter/index.html,,,,,,,,1,1,1,,
139,スポーツセンター,生野スポーツセンター,,卓球・バトミントンの開放,バドミントン,バドミントン(第1体育場)卓球(第2体育場),10/9(祝),10:00~11:30/12:30~14:00/15:00~16:30/17:30~19:00,当日受付・抽選(各回開始20分前から受付、5分前受付終了),無料※申込人数により変更有,小学生以下は保護者同伴必要。1人申込不可、必ず2人申込の事。,市バス「大池橋」バス停,生野区巽西1-1-3,電話:06-6758-4500,生野スポーツセンター電話:06-6758-4500,http://osakashi.opas.jp/genre/Table_tennis/tobu_miyakojimaku_higashinariku_ikunoku_jotoku_tsurumiku/ikunosportscenter/index.html,,,,,,1,,,1,1,,
140,スポーツセンター,旭スポーツセンター,,バドミントン開放,バドミントン,バドミントン開放,10/9(祝),9:30~11:15/13:00~14:45/15:15~17:00,当日受付,無料,どなたでも,地下鉄「関目高殿」駅,旭区高殿5-3-25,電話:06-6951-6575,旭スポーツセンター電話:06-6951-6575,http://osakashi.opas.jp/genre/Table_tennis/tobu_miyakojimaku_higashinariku_ikunoku_jotoku_tsurumiku/asahisportscenter/index.html,,,,,,1,1,1,,,,
141,スポーツセンター,旭スポーツセンター,,卓球開放,卓球,卓球開放,10/9(祝),,,無料,,地下鉄「関目高殿」駅,旭区高殿5-3-25,電話:06-6951-6575,旭スポーツセンター電話:06-6951-6575,http://osakashi.opas.jp/genre/Table_tennis/tobu_miyakojimaku_higashinariku_ikunoku_jotoku_tsurumiku/asahisportscenter/index.html,,,,,,1,1,1,,,,
142,スポーツセンター,旭スポーツセンター,,ヨガ教室,ヨガ,左記記載(多目的室),10/9(祝),10:00~11:00,事前電話予約25名(10/7締切),無料,16歳以上,地下鉄「関目高殿」駅,旭区高殿5-3-25,電話:06-6951-6575,旭スポーツセンター電話:06-6951-6575,http://osakashi.opas.jp/genre/Table_tennis/tobu_miyakojimaku_higashinariku_ikunoku_jotoku_tsurumiku/asahisportscenter/index.html,,,,1,,,1,1,,,,
143,スポーツセンター,城東スポーツセンター,,バドミントン・卓球開放,卓球,バドミントン開放(第1体育場)卓球開放(第2体育場),10/9(祝),10:00~20:00,当日受付・先着順,無料,どなたでも,JR「京橋」駅,城東区鴫野西2-1-21,電話:06-6965-1391,城東ポーツセンター電話:06-6965-1391,http://osakashi.opas.jp/genre/Table_tennis/tobu_miyakojimaku_higashinariku_ikunoku_jotoku_tsurumiku/jotosportscenter/index.html,,,,,,1,1,1,,,,
144,スポーツセンター,城東スポーツセンター,,バドミントン・卓球開放,バドミントン,バドミントン開放(第1体育場)卓球開放(第2体育場),10/9(祝),10:00~20:00,当日受付・先着順,無料,どなたでも,JR「京橋」駅,城東区鴫野西2-1-21,電話:06-6965-1391,城東ポーツセンター電話:06-6965-1391,http://osakashi.opas.jp/genre/Table_tennis/tobu_miyakojimaku_higashinariku_ikunoku_jotoku_tsurumiku/jotosportscenter/index.html,,,,,,1,1,1,,,,
145,スポーツセンター,鶴見スポーツセンター,,バトミントン・卓球開放DAY,バドミントン,バトミントン・卓球開放DAY,10/9(祝),9:30~11:00/11:00~12:30,当日受付・先着順各回開始30分前より受付開始,無料,どなたでも,地下鉄「鶴見緑地」駅,鶴見区緑地公園内(元花博国際展示館「水の館」),電話:06-6315-2567,鶴見スポーツセンター電話:06-6315-2567,http://osakashi.opas.jp/genre/Table_tennis/tobu_miyakojimaku_higashinariku_ikunoku_jotoku_tsurumiku/tsurumisportscenter/index.html,,,,,,1,1,1,,,,
146,スポーツセンター,鶴見スポーツセンター,,バトミントン・卓球開放DAY,卓球,バトミントン・卓球開放DAY,10/9(祝),9:30~11:00/11:00~12:30,当日受付・先着順各回開始30分前より受付開始,無料,どなたでも,地下鉄「鶴見緑地」駅,鶴見区緑地公園内(元花博国際展示館「水の館」),電話:06-6315-2567,鶴見スポーツセンター電話:06-6315-2567,http://osakashi.opas.jp/genre/Table_tennis/tobu_miyakojimaku_higashinariku_ikunoku_jotoku_tsurumiku/tsurumisportscenter/index.html,,,,,,1,1,1,,,,
147,スポーツセンター,鶴見スポーツセンター,,大阪エヴェッサバスケットボール体験会,その他,大阪エヴェッサバスケットボール体験会,10/9(祝),13:00~14:00(低学年)14:10~15:10(高学年),事前電話予約(10/821:00締切),500円,小学生,地下鉄「鶴見緑地」駅,鶴見区緑地公園内(元花博国際展示館「水の館」),電話:06-6315-2567,鶴見スポーツセンター電話:06-6315-2567,http://osakashi.opas.jp/genre/Table_tennis/tobu_miyakojimaku_higashinariku_ikunoku_jotoku_tsurumiku/tsurumisportscenter/index.html,,,,,,,1,,,1,1,
148,スポーツセンター,阿倍野スポーツセンター,,バウンドテニス教室,ニュースポーツ,初心者向け。最後はゲーム形式で体験。,10/9(祝),9:30~16:00,事前(ハガキ)(9/30締切),500円,どなたでも,地下鉄「阿倍野」駅,阿倍野区3-10-1,電話:06-6647-0086,大阪府バウンドテニス協会電話:06-6903-3811,http://osakashi.opas.jp/genre/Table_tennis/nambu_abenoku_suminoeku_sumiyoshiku_higashisumiyoshiku_hiranoku_nishinariku/abenosc/index.html,,,,,1,1,1,,,,1,1
149,スポーツセンター,阿倍野スポーツセンター,,剣道一日体験教室,その他,剣道具を装着して基本から稽古。,10/9(祝),9:30~16:00,事前(往復はがき)・抽選30名(9/30締切),無料,小学3年生以上,地下鉄「阿倍野」駅,阿倍野区3-10-1,電話:06-6647-0086,阿倍野区剣道協会電話:090-9975-6896,http://osakashi.opas.jp/genre/Table_tennis/nambu_abenoku_suminoeku_sumiyoshiku_higashisumiyoshiku_hiranoku_nishinariku/abenosc/index.html,,,,,,,1,,,1,1,1
150,スポーツセンター,阿倍野スポーツセンター,,あなたに似合うスポーツウェアのカラー診断,その他,自分に似合う色のウェアを見つけてもらい、スポーツを始めるきっかけ、スポーツを更に楽しむためのカラー診断。,10/9(祝),10:00~15:00,事前(電話・来館)・先着順(10/7締切),無料,16歳以上,地下鉄「阿倍野」駅,阿倍野区3-10-1,電話:06-6647-0086,阿倍野スポーツセンター電話:06-6647-0086,http://osakashi.opas.jp/genre/Table_tennis/nambu_abenoku_suminoeku_sumiyoshiku_higashisumiyoshiku_hiranoku_nishinariku/abenosc/index.html,,,,,1,,1,,,,1,
151,スポーツセンター,阿倍野スポーツセンター,,スポーツ吹矢,その他,ゲーム感覚で楽しむ。スポーツ吹矢式呼吸法で健康を維持。,10/9(祝),10:00~11:30,当日受付,100円,小学生以上,地下鉄「阿倍野」駅,阿倍野区3-10-1,電話:06-6647-0086,阿倍野スポーツセンター電話:06-6647-0086,http://osakashi.opas.jp/genre/Table_tennis/nambu_abenoku_suminoeku_sumiyoshiku_higashisumiyoshiku_hiranoku_nishinariku/abenosc/index.html,,,,,1,,1,,,1,,
152,スポーツセンター,住之江スポーツセンター,,ニュースポーツ体験,ニュースポーツ,カローリング、ペタンク、スリータッチ、フリーテニス、ストラックアウト等,10/9(祝),10:00~15:00,当日受付・先着順,無料,どなたでも,地下鉄「北加賀屋」駅,住之江区北加賀屋5-3-47,電話:06-6686-4172,住之江スポーツセンター電話:06-6686-4172,http://osakashi.opas.jp/genre/Table_tennis/nambu_abenoku_suminoeku_sumiyoshiku_higashisumiyoshiku_hiranoku_nishinariku/suminoesc/index.html,,,,,1,1,1,,,,1,
153,スポーツセンター,住之江スポーツセンター,,卓球開放,卓球,卓球開放,10/9(祝),16:00~17:45/18:00~19:45,当日受付・先着順,無料,どなたでも,地下鉄「北加賀屋」駅,住之江区北加賀屋5-3-47,電話:06-6686-4172,住之江スポーツセンター電話:06-6686-4172,http://osakashi.opas.jp/genre/Table_tennis/nambu_abenoku_suminoeku_sumiyoshiku_higashisumiyoshiku_hiranoku_nishinariku/suminoesc/index.html,,,,,,1,1,1,,,,
154,スポーツセンター,住之江屋内プール,,無料開放,水泳,無料開放,10/9(祝),9:00~20:30,当日会場へ,無料,どなたでも(小学4年生以下は保護者(16歳以上)同伴。また保護者1人につき子ども3人まで),地下鉄「北加賀屋」駅,住之江区北加賀屋5-3-47,電話:06-6686-4163,住之江区北加賀屋5-3-47電話:06-6686-4163,http://osakashi.opas.jp/genre/swim/nambu_abenoku_suminoeku_sumiyoshiku_higashisumiyoshiku_hiranoku_nishinariku/suminoeop/index.html,,,,,,,1,,1,1,,
155,スポーツセンター,住之江屋内プール,,モーニング体操,体操,泳ぐ前の準備運動。,10/9(祝),9:00~,当日会場へ,無料,どなたでも,地下鉄「北加賀屋」駅,住之江区北加賀屋5-3-47,電話:06-6686-4163,住之江区北加賀屋5-3-47電話:06-6686-4163,http://osakashi.opas.jp/genre/swim/nambu_abenoku_suminoeku_sumiyoshiku_higashisumiyoshiku_hiranoku_nishinariku/suminoeop/index.html,1,,,,,,1,1,,,,
156,スポーツセンター,住之江屋内プール,,アクアビクス,水中エクササイズ,水中で音楽に合わせて楽しく身体を動かす運動。,10/9(祝),10:30~11:00,当日会場へ,無料,どなたでも,地下鉄「北加賀屋」駅,住之江区北加賀屋5-3-47,電話:06-6686-4163,住之江区北加賀屋5-3-47電話:06-6686-4163,http://osakashi.opas.jp/genre/swim/nambu_abenoku_suminoeku_sumiyoshiku_higashisumiyoshiku_hiranoku_nishinariku/suminoeop/index.html,,,,1,,,1,1,,,,
157,スポーツセンター,住之江屋内プール,,水泳チェック,水泳,泳ぎのフォームチェック。,10/9(祝),12:30~13:00,当日会場へ先着順20名,無料,中学生以上,地下鉄「北加賀屋」駅,住之江区北加賀屋5-3-47,電話:06-6686-4163,住之江区北加賀屋5-3-47電話:06-6686-4163,http://osakashi.opas.jp/genre/swim/nambu_abenoku_suminoeku_sumiyoshiku_higashisumiyoshiku_hiranoku_nishinariku/suminoeop/index.html,,,1,,,,1,1,,,,
158,スポーツセンター,住之江屋内プール,,タイムチェック,水泳,25ｍの記録計測。,10/9(祝),13:30~14:00,当日会場へ先着順15名,無料,25m泳げる方,地下鉄「北加賀屋」駅,住之江区北加賀屋5-3-47,電話:06-6686-4163,住之江区北加賀屋5-3-47電話:06-6686-4163,http://osakashi.opas.jp/genre/swim/nambu_abenoku_suminoeku_sumiyoshiku_higashisumiyoshiku_hiranoku_nishinariku/suminoeop/index.html,,,1,,,,1,1,,,,
159,スポーツセンター,住吉スポーツセンター,,なぎなた教室,その他,初心者向けの教室。,10/9(祝),10:00~16:00,事前(往復はがき)・ＦＡＸ抽選(10/1締切),無料,小学生以上(小学生は保護者同伴),地下鉄「あびこ」駅,住吉区浅香1-8-15,電話:06-6694-9201,大阪市なぎなた連盟電話・FAX:06-6691-4595,http://osakashi.opas.jp/genre/Table_tennis/nambu_abenoku_suminoeku_sumiyoshiku_higashisumiyoshiku_hiranoku_nishinariku/sumiyoshispc/index.html,,,,,,,1,,1,1,,1
160,スポーツセンター,東住吉スポーツセンター,,バドミントン無料開放デー,バドミントン,左記記載(第1体育場),10/9(祝),10:00~11:45/16:00~17:45/18:00~19:45,当日受付・先着順(各開始時間の30分前より受付開始),無料,どなたでも,地下鉄「あびこ」駅,東住吉区公園南矢田4-30-3,電話:06-6694-4580,東住吉スポーツセンター電話:06-6694-4580,http://osakashi.opas.jp/genre/Table_tennis/nambu_abenoku_suminoeku_sumiyoshiku_higashisumiyoshiku_hiranoku_nishinariku/higashisumiyoshi_spocen/index.html,,,,,,1,1,1,,,,
161,スポーツセンター,東住吉スポーツセンター,,卓球無料開放デー,卓球,左記記載(第2体育場),10/9(祝),10:00~11:45/12:00~13:45/14:00~15:45/16:00~17:45,,無料,,地下鉄「あびこ」駅,東住吉区公園南矢田4-30-3,電話:06-6694-4580,東住吉スポーツセンター電話:06-6694-4580,http://osakashi.opas.jp/genre/Table_tennis/nambu_abenoku_suminoeku_sumiyoshiku_higashisumiyoshiku_hiranoku_nishinariku/higashisumiyoshi_spocen/index.html,,,,,,1,1,1,,,,
162,スポーツセンター,東住吉スポーツセンター,,バドミントン特別教室,バドミントン,ミズノの講師による特別教室(第1体育場),10/9(祝),13:00~15:00,事前受付(9/49:30から受付開始)先着順50名まで,1000円,16歳以上,地下鉄「あびこ」駅,東住吉区公園南矢田4-30-3,電話:06-6694-4580,東住吉スポーツセンター電話:06-6694-4580,http://osakashi.opas.jp/genre/Table_tennis/nambu_abenoku_suminoeku_sumiyoshiku_higashisumiyoshiku_hiranoku_nishinariku/higashisumiyoshi_spocen/index.html,,,,,,1,1,,,,,1
163,スポーツセンター,東住吉スポーツセンター,,多目的室1ストレッチ系健康運動体操2YOGA教室3コアダンス,体操,1ストレッチ系の健康運動体操。2ヨガの教室。3ラテン音楽にあわせて踊りながら健康づくり。,10/9(祝),1.10:30~11:30/2.13:30~14:30/3.16:30~17:50,事前受付(9/49:30から受付開始)先着順20名まで,500円,20歳以上女性,地下鉄「あびこ」駅,東住吉区公園南矢田4-30-3,電話:06-6694-4580,東住吉スポーツセンター電話:06-6694-4580,http://osakashi.opas.jp/genre/Table_tennis/nambu_abenoku_suminoeku_sumiyoshiku_higashisumiyoshiku_hiranoku_nishinariku/higashisumiyoshi_spocen/index.html,1,,,,,,1,,,,,1
164,スポーツセンター,東住吉スポーツセンター,,多目的室1ストレッチ系健康運動体操2YOGA教室3コアダンス,ヨガ,1ストレッチ系の健康運動体操。2ヨガの教室。3ラテン音楽にあわせて踊りながら健康づくり。,10/9(祝),1.10:30~11:30/2.13:30~14:30/3.16:30~17:50,事前受付(9/49:30から受付開始)先着順20名まで,500円,20歳以上女性,地下鉄「あびこ」駅,東住吉区公園南矢田4-30-3,電話:06-6694-4580,東住吉スポーツセンター電話:06-6694-4580,http://osakashi.opas.jp/genre/Table_tennis/nambu_abenoku_suminoeku_sumiyoshiku_higashisumiyoshiku_hiranoku_nishinariku/higashisumiyoshi_spocen/index.html,,,,1,,,1,1,,,,1
165,スポーツセンター,東住吉スポーツセンター,,多目的室1ストレッチ系健康運動体操2YOGA教室3コアダンス,エクササイズ,1ストレッチ系の健康運動体操。2ヨガの教室。3ラテン音楽にあわせて踊りながら健康づくり。,10/9(祝),1.10:30~11:30/2.13:30~14:30/3.16:30~17:50,事前受付(9/49:30から受付開始)先着順20名まで,500円,20歳以上女性,地下鉄「あびこ」駅,東住吉区公園南矢田4-30-3,電話:06-6694-4580,東住吉スポーツセンター電話:06-6694-4580,http://osakashi.opas.jp/genre/Table_tennis/nambu_abenoku_suminoeku_sumiyoshiku_higashisumiyoshiku_hiranoku_nishinariku/higashisumiyoshi_spocen/index.html,,,,1,,,1,,,,,1
166,スポーツセンター,平野スポーツセンター,,卓球・バドミントン開放,卓球,卓球・バドミントン開放,10/9(祝),10:00~11:45/12:00~13:45/14:00~15:45/16:00~17:45/18:00~19:45,当日受付,無料,どなたでも,地下鉄「平野」駅,平野区平野南4-6-1,電話:06-6709-1255,平野スポーツセンター電話:06-6709-1255,http://osakashi.opas.jp/genre/Table_tennis/nambu_abenoku_suminoeku_sumiyoshiku_higashisumiyoshiku_hiranoku_nishinariku/spocen/index.html,,,,,,1,1,1,,,,
167,スポーツセンター,平野スポーツセンター,,卓球・バドミントン開放,バドミントン,卓球・バドミントン開放,10/9(祝),10:00~11:45/12:00~13:45/14:00~15:45/16:00~17:45/18:00~19:45,当日受付,無料,どなたでも,地下鉄「平野」駅,平野区平野南4-6-1,電話:06-6709-1255,平野スポーツセンター電話:06-6709-1255,http://osakashi.opas.jp/genre/Table_tennis/nambu_abenoku_suminoeku_sumiyoshiku_higashisumiyoshiku_hiranoku_nishinariku/spocen/index.html,,,,,,1,1,1,,,,
168,スポーツセンター,平野スポーツセンター,,簡単ひきしめトレーニング,エクササイズ,エアロビクスに筋力トレーニングを合わせた運動。,10/9(祝),10:00~10:30/13:00~13:30,,無料,16歳以上,地下鉄「平野」駅,平野区平野南4-6-1,電話:06-6709-1255,平野スポーツセンター電話:06-6709-1255,http://osakashi.opas.jp/genre/Table_tennis/nambu_abenoku_suminoeku_sumiyoshiku_higashisumiyoshiku_hiranoku_nishinariku/spocen/index.html,,,,1,,,1,1,,,,
169,スポーツセンター,平野屋内プール,,無料開放,水泳,無料開放,10/9(祝),9:00~20:30,当日会場へ,無料,どなたでも(小学4年生以下は保護者(16歳以上)同伴。また保護者1人につき子ども3人まで),地下鉄「平野」駅,平野区平野南4-6-1,電話:06-6709-1255,平野区平野南4-6-1電話:06-6709-1255,http://osakashi.opas.jp/genre/swim/nambu_abenoku_suminoeku_sumiyoshiku_higashisumiyoshiku_hiranoku_nishinariku/hirano_pool/index.html,,,,,,,1,,1,1,,
170,スポーツセンター,平野屋内プール,,スイムタイムチャレンジ,水泳,25ｍの記録計測。,10/9(祝),11:00~12:00/14:00~15:00,当日受付,無料,どなたでも,地下鉄「平野」駅,平野区平野南4-6-1,電話:06-6709-1255,平野区平野南4-6-1電話:06-6709-1255,http://osakashi.opas.jp/genre/swim/nambu_abenoku_suminoeku_sumiyoshiku_higashisumiyoshiku_hiranoku_nishinariku/hirano_pool/index.html,,,1,,,,1,1,,,,
171,スポーツセンター,西成スポーツセンター,,卓球・バドミントン開放,卓球,卓球・バドミントン開放,10/9(祝),10:00~12:00/12:30~14:30/15:00~17:00/17:30~19:30,当日受付,無料,小学生以上,南海「岸里玉出」駅/地下鉄「岸里」駅,西成区玉出東1-6-1,電話:06-4398-1603,西成スポーツセンター電話:06-4398-1603,http://osakashi.opas.jp/genre/Table_tennis/nambu_abenoku_suminoeku_sumiyoshiku_higashisumiyoshiku_hiranoku_nishinariku/ninarispc/index.html,,,,,,,1,1,,1,,
172,スポーツセンター,西成スポーツセンター,,卓球・バドミントン開放,バドミントン,卓球・バドミントン開放,10/9(祝),10:00~12:00/12:30~14:30/15:00~17:00/17:30~19:30,当日受付,無料,小学生以上,南海「岸里玉出」駅/地下鉄「岸里」駅,西成区玉出東1-6-1,電話:06-4398-1603,西成スポーツセンター電話:06-4398-1603,http://osakashi.opas.jp/genre/Table_tennis/nambu_abenoku_suminoeku_sumiyoshiku_higashisumiyoshiku_hiranoku_nishinariku/ninarispc/index.html,,,,,,1,1,,,1,,
173,スポーツセンター,西成スポーツセンター,,ストレッチ45,エクササイズ,音楽に合わせてストレッチ運動。,10/9(祝),11:45~12:30,当日受付先着20名,無料,18歳以上,南海「岸里玉出」駅/地下鉄「岸里」駅,西成区玉出東1-6-1,電話:06-4398-1603,西成スポーツセンター電話:06-4398-1603,http://osakashi.opas.jp/genre/Table_tennis/nambu_abenoku_suminoeku_sumiyoshiku_higashisumiyoshiku_hiranoku_nishinariku/ninarispc/index.html,1,,,1,,,1,1,,,,
174,スポーツセンター,西成スポーツセンター,,体組成測定会,体力・身体測定,筋肉量、水分量など計測。,10/9(祝),10:00~11:00/13:00~14:00/16:00~17:00,当日受付,無料,18歳以上,南海「岸里玉出」駅/地下鉄「岸里」駅,西成区玉出東1-6-1,電話:06-4398-1603,西成スポーツセンター電話:06-4398-1603,http://osakashi.opas.jp/genre/Table_tennis/nambu_abenoku_suminoeku_sumiyoshiku_higashisumiyoshiku_hiranoku_nishinariku/ninarispc/index.html,1,1,,,,,1,,,,,
175,スポーツセンター,西成スポーツセンター,,ジャズダンス教室,エクササイズ,ジャズダンス教室,10/9(祝),10:30~11:30,事前受付先着順20名,500円,18歳以上,南海「岸里玉出」駅/地下鉄「岸里」駅,西成区玉出東1-6-1,電話:06-4398-1603,西成スポーツセンター電話:06-4398-1603,http://osakashi.opas.jp/genre/Table_tennis/nambu_abenoku_suminoeku_sumiyoshiku_higashisumiyoshiku_hiranoku_nishinariku/ninarispc/index.html,,,,1,,,1,,,,,1
176,スポーツセンター,西成屋内プール,,無料開放,水泳,無料開放,10/9(祝),9:00~20:30,当日会場へ,無料,どなたでも(小学4年生以下は保護者(16歳以上)同伴。また保護者1人につき子ども3人まで),南海「岸里玉出」駅/地下鉄「岸里」駅,西成区玉出東1-6-1,電話:06-4398-1603,電話:06-4398-1603,http://osakashi.opas.jp/genre/swim/nambu_abenoku_suminoeku_sumiyoshiku_higashisumiyoshiku_hiranoku_nishinariku/ninariop/index.html,,,,,,,1,,1,1,,
177,スポーツセンター,西成屋内プール,,フィン練習会(上級),水泳,フィン練習会(上級),10/9(祝),11:05~12:05,事前受付(先着順),無料,中学生以上(1時間で1500m泳げる方),南海「岸里玉出」駅/地下鉄「岸里」駅,西成区玉出東1-6-1,電話:06-4398-1603,電話:06-4398-1603,http://osakashi.opas.jp/genre/swim/nambu_abenoku_suminoeku_sumiyoshiku_higashisumiyoshiku_hiranoku_nishinariku/ninariop/index.html,,,1,,,,1,1,,,,
178,スポーツセンター,西成屋内プール,,バタフライ練習会,水泳,バタフライ練習会,10/9(祝),12:10~12:40,,無料,中学生以上,南海「岸里玉出」駅/地下鉄「岸里」駅,西成区玉出東1-6-1,電話:06-4398-1603,電話:06-4398-1603,http://osakashi.opas.jp/genre/swim/nambu_abenoku_suminoeku_sumiyoshiku_higashisumiyoshiku_hiranoku_nishinariku/ninariop/index.html,,,1,,,,1,1,,,,
179,スポーツセンター,西成屋内プール,,平泳ぎ練習会,水泳,平泳ぎ練習会,10/9(祝),12:45~13:15,,無料,中学生以上,南海「岸里玉出」駅/地下鉄「岸里」駅,西成区玉出東1-6-1,電話:06-4398-1603,電話:06-4398-1603,http://osakashi.opas.jp/genre/swim/nambu_abenoku_suminoeku_sumiyoshiku_higashisumiyoshiku_hiranoku_nishinariku/ninariop/index.html,,,1,,,,1,1,,,,
180,スポーツセンター,西成屋内プール,,初心者クロール練習会,水泳,初心者クロール練習会,10/9(祝),13:20~14:20,,無料,中学生以上,南海「岸里玉出」駅/地下鉄「岸里」駅,西成区玉出東1-6-1,電話:06-4398-1603,電話:06-4398-1603,http://osakashi.opas.jp/genre/swim/nambu_abenoku_suminoeku_sumiyoshiku_higashisumiyoshiku_hiranoku_nishinariku/ninariop/index.html,,,1,,,,1,1,,,,
181,スポーツセンター,西成屋内プール,,フィン練習会(中級・上級),水泳,フィン練習会(中級・上級),10/9(祝),19:00~20:00,,無料,中学生以上,南海「岸里玉出」駅/地下鉄「岸里」駅,西成区玉出東1-6-1,電話:06-4398-1603,電話:06-4398-1603,http://osakashi.opas.jp/genre/swim/nambu_abenoku_suminoeku_sumiyoshiku_higashisumiyoshiku_hiranoku_nishinariku/ninariop/index.html,,,1,,,,1,1,,,,
182,フェスタ,大阪弓道場,,弓道体験してみよう！,その他,初心者大歓迎講師から弓具の持ち方・使い方の説明指導のもと近的・大的,10/9(祝),10:00~16:00,事前(電話・窓口)・先着順120名,無料,中学生以上,JR「大阪城公園」駅,中央区大阪城3-4,電話:06-6941-9921,大阪城弓道場電話:06-6941-9921,http://www.osaka-sp.jp/kyudojo/,,,,,,,1,1,,,1,
183,フェスタ,鶴見緑地球技場,,タグラグビーフェスタイン鶴見緑地,ニュースポーツ,初心者大歓迎タグラグビーを経験レベルに応じて楽しみます,10/9(祝),10:30~11:30/14:00~15:00,当日受付・先着順80名※団体は事前連絡,無料,小学生以上(性別不問),地下鉄「鶴見緑地」駅,鶴見区浜1-1-37,06-6915-4712,大阪府ラグビーフットボール協会電話:06-6945-7822,,,,,,1,1,1,,,1,,
184,フェスタ,府民共済SUPERアリーナ,,フットサル交歓会,サッカー・フットサル,参加チームによる交換試合実技指導・クリニック実施予定,10/9(祝),10:00~16:00,事前申込・先着24チーム※申込み方法は大阪府サッカー協会HP参照,無料,市内在住の小学4年生以上の方(小学生は保護者又は顧問同伴)チーム編成は7名から10名以内とする,市バス「舞洲中央」/北港観光バス「府民共済ＳＵＰＥＲアリーナ前」,此花区北港2-2-15,,(一社)大阪府サッカー協会電話:06-6441-5881FAX:06-6441-5882,http://www.osaka-fa.jp/,,,,,,1,1,,1,1,,
185,大会,千島体育館,,ChishimaGP-Bトーナメントーバスケットボール大会,その他,中高年、男女、子どもをターゲットにしたバスケットボール大会。中高年8チーム、男女子ども混合チーム6チーム。,10/9(祝),9:00~20:00(予定),事前(来館)・先着順,中高年7000円/混合5000円,中高年部門男女子ども混合部門,市バス「大正区役所前」バス停,大正区千島2-7-93,06-6553-7800,千島体育館電話:06-6553-7800,,,,,,,1,1,1,,,,
186,フェスタ,中央体育館,,体操フェスティバル2017OSAKA~第35回記念大会~,体操,「みんなで体操」「ふれあいプログラム」楽しいリズムで体を動かしましょう先着30名,10/15(日),10:00~15:00,事前(電話・FAX)・先着順(10/2締切),無料,どなたでも,地下鉄「朝潮橋」駅,港区田中3-1-40,06-6576-0800,体操ﾌｪｽﾃｨﾊﾞﾙ2017OSAKA実行委員会電話:06-6374-5274FAX:06-6374-0373,,1,,,,,,1,1,,,,
187,スポーツセンター,住吉スポーツセンター,,ハンドボール教室,その他,小学生・中学生対象のハンドボール教室,10/22(日),10:00~15:00,事前(往復はがき)・先着順(10/8締切),無料,7歳~15歳,地下鉄「あびこ」駅,住吉区浅香1-8-15,電話:06-6694-9201,大阪市ハンドボール連盟電話:072-241-0570,http://osakashi.opas.jp/genre/Table_tennis/nambu_abenoku_suminoeku_sumiyoshiku_higashisumiyoshiku_hiranoku_nishinariku/sumiyoshispc/index.html,,,,,,,1,,,1,,1
188,フェスタ,大空小学校,,大空ゆめわくクラブ体験教室,その他,ソフトバレーボール/バドミントン/サッカー/卓球/少林寺拳法/ヨガ/太極拳,10/22(日),10:00~17:00,当日受付・先着順各種目20名,100円,小学生以上,JR「あびこ」駅,住吉区我孫子西1-6-12,,大空ゆめわくクラブ電話:090-3825-3337,,,,,,,,1,,,1,1,1
189,フェスタ,大空小学校,,大空ゆめわくクラブ体験教室,その他,ソフトバレーボール/バドミントン/サッカー/卓球/少林寺拳法/ヨガ/太極拳,10/22(日),10:00~17:00,当日受付・先着順各種目20名,100円,小学生以上,JR「あびこ」駅,住吉区我孫子西1-6-12,,大空ゆめわくクラブ電話:090-3825-3337,,,,,,,,1,,,1,1,1
190,フェスタ,大空小学校,,大空ゆめわくクラブ体験教室,ニュースポーツ,ソフトバレーボール/バドミントン/サッカー/卓球/少林寺拳法/ヨガ/太極拳,10/22(日),10:00~17:00,当日受付・先着順各種目20名,100円,小学生以上,JR「あびこ」駅,住吉区我孫子西1-6-12,,大空ゆめわくクラブ電話:090-3825-3337,,,,,,1,1,1,,,1,1,1
191,フェスタ,大空小学校,,大空ゆめわくクラブ体験教室,バドミントン,ソフトバレーボール/バドミントン/サッカー/卓球/少林寺拳法/ヨガ/太極拳,10/22(日),10:00~17:00,当日受付・先着順各種目20名,100円,小学生以上,JR「あびこ」駅,住吉区我孫子西1-6-12,,大空ゆめわくクラブ電話:090-3825-3337,,,,,,,1,1,,,1,1,1
192,フェスタ,大空小学校,,大空ゆめわくクラブ体験教室,サッカー・フットサル,ソフトバレーボール/バドミントン/サッカー/卓球/少林寺拳法/ヨガ/太極拳,10/22(日),10:00~17:00,当日受付・先着順各種目20名,100円,小学生以上,JR「あびこ」駅,住吉区我孫子西1-6-12,,大空ゆめわくクラブ電話:090-3825-3337,,,,,,,1,1,,,1,1,1
193,フェスタ,大空小学校,,大空ゆめわくクラブ体験教室,卓球,ソフトバレーボール/バドミントン/サッカー/卓球/少林寺拳法/ヨガ/太極拳,10/22(日),10:00~17:00,当日受付・先着順各種目20名,100円,小学生以上,JR「あびこ」駅,住吉区我孫子西1-6-12,,大空ゆめわくクラブ電話:090-3825-3337,,,,,,,,1,1,,1,1,1
194,フェスタ,大空小学校,,大空ゆめわくクラブ体験教室,ヨガ,ソフトバレーボール/バドミントン/サッカー/卓球/少林寺拳法/ヨガ/太極拳,10/22(日),10:00~17:00,当日受付・先着順各種目20名,100円,小学生以上,JR「あびこ」駅,住吉区我孫子西1-6-12,,大空ゆめわくクラブ電話:090-3825-3337,,,,,1,,,1,1,,1,1,1
195,大会,大阪城公園太陽の広場,,大阪市長杯グラウンド・ゴルフ大会,ニュースポーツ,抽選50名,11/7(火),9:30~15:30,事前(往復はがき)・抽選(9/30締切),700円,市内在住・在勤の方,JR「大阪城公園」駅,中央区大阪城4,,大阪市経済戦略局スポーツ課電話:06-6469-3883,,,,,,1,1,1,,,,,
196,大会,大阪城公園太陽の広場,,大阪市長杯グラウンド・ゴルフ大会(予備日),ニュースポーツ,抽選50名,11/14(火),9:30~15:30,事前(往復はがき)・抽選(9/30締切),700円,市内在住・在勤の方,JR「大阪城公園」駅,中央区大阪城5,,大阪市経済戦略局スポーツ課電話:06-6469-3883,,,,,,1,1,1,,,,,
197,大会,桜橋ボウル,,第11回親子ボウリング大会,その他,親子ペアで出場するボウリング大会。1人2ゲーム。,11/19(日),10:00~12:00,事前(ハガキ・申込書)・先着順(11/6締切)18チーム,大人1000円/高校生以下500円,親子ペアどなたでも(お子様は高校生以下)祖父母の方でも参加可能,地下鉄「西梅田」駅,北区梅田2-4-2,,大阪市ボウリング協会電話:06-6543-0655,,,,,,,,,,1,1,,
198,フェスタ,巽小学校,,オータム・チャレンジ・スポーツ2017インたつみ,テニス,硬式テニス(雨天中止)卓球,11/23(祝),10:00~12:00,当日9:45より受付・先着順各種目20名,200円,小学3年生以上(小学生は保護者同伴),地下鉄「南巽」駅,生野区巽中3-12-5,,たつみスポーツクラブ電話:06-6756-7871,,,,,,,,1,1,1,1,,
199,フェスタ,巽小学校,,オータム・チャレンジ・スポーツ2017インたつみ,卓球,硬式テニス(雨天中止)卓球,11/23(祝),10:00~12:00,当日9:45より受付・先着順各種目20名,200円,小学3年生以上(小学生は保護者同伴),地下鉄「南巽」駅,生野区巽中3-12-5,,たつみスポーツクラブ電話:06-6756-7871,,,,,,,,1,1,1,1,,